'id','aopf','hyg_lead_time','lrff','actual','average_dn','category','chinese_brand','clazz_id','competitor_lead_time','competitor_name','competitor_pricing','dealer_handling_cost','dealer_net','dealer_premium_percentage','dealer_pricing_premium','dealer_pricing_premium_percentage','dealer_street_pricing','market_share','model','plant','series','variance_percentage','color_id','country_id','created_at','created_by','latest_modified_at','latest_modified_by','clazz'
1808,0,15.0,0,0,10000.0,Class 5 (2.5-3T Combined),false,6,10.0,Toyota (Japan),18041.0,2582.879999999999,10000.0,0.1,1000.0,0.07362208898260163,13582.88,0.17,'',,'',0.19168117066681453,1537,315,,,2024-03-05 17:26:14.041,admin@gmail.com,
1809,0,15.0,0,0,10000.0,Class 5 (2.5-3T Combined),false,6,25.0,TCM (Japan),14587.39,2582.879999999999,10000.0,0.1,1000.0,0.07362208898260163,13582.88,0.01,'',,'',0.0003091711402794,1546,315,,,2024-03-05 17:26:14.041,admin@gmail.com,
1810,0,15.0,0,0,10000.0,Class 5 (2.5-3T Combined),false,6,17.0,KOMATSU FORKLIFT.(Japan),20661.8,2582.879999999999,10000.0,0.1,1000.0,0.07362208898260163,13582.88,0.04,'',,'',0.2942105721669942,1552,315,,,2024-03-05 17:26:14.041,admin@gmail.com,
1811,0,15.0,0,0,10000.0,Class 5 (2.5-3T Combined),false,6,20.0,Sumitomo (Japan),16096.08,2582.879999999999,10000.0,0.1,1000.0,0.07362208898260163,13582.88,0.04,'',,'',0.09401046714479555,1541,315,,,2024-03-05 17:26:14.041,admin@gmail.com,
1812,0,15.0,0,0,10000.0,Class 5 (2.5-3T Combined),false,6,11.0,HYG SN,17979.0,2582.879999999999,10000.0,0.1,1000.0,0.07362208898260163,13582.88,0.03,'',,'',0.18889370932754884,1530,315,,,2024-03-05 17:26:14.041,admin@gmail.com,
1813,0,15.0,0,0,10000.0,Class 5 (2.5-3T Combined),false,6,14.0,Toyota (China),14561.0,2582.879999999999,10000.0,0.1,1000.0,0.07362208898260163,13582.88,0.26,'',,'',-0.0015026440491723919,1537,315,,,2024-03-05 17:26:14.041,admin@gmail.com,
1814,0,15.0,0,0,10000.0,Class 5 (2.5-3T Combined),false,6,14.0,Mitsubishi (China),15574.0,2582.879999999999,10000.0,0.1,1000.0,0.07362208898260163,13582.88,0.04,'',,'',0.0636393989983306,1538,315,,,2024-03-05 17:26:14.041,admin@gmail.com,
1817,0,15.0,0,0,10000.0,Class 5 (2.5-3T Combined),true,6,17.0,Heli (SN),13120.0,2582.879999999999,10000.0,0.1,1000.0,0.07362208898260163,13582.88,0.04,'',,'',-0.11149999999999993,1531,315,,,2024-03-05 17:26:14.041,admin@gmail.com,
1818,0,15.0,0,0,10000.0,Class 5 (2.5-3T Combined),false,6,10.0,Unicarrier (Japan),16453.0,2582.879999999999,10000.0,0.1,1000.0,0.07362208898260163,13582.88,0.09,'',,'',0.11366437731720663,1547,315,,,2024-03-05 17:26:14.041,admin@gmail.com,
1819,0,15.0,0,0,10000.0,Class 5 (2.5-3T Combined),false,6,14.0,Mitsubishi (Japan),16902.87,2582.879999999999,10000.0,0.1,1000.0,0.07362208898260163,13582.88,0.05,'',,'',0.13725420594254112,1538,315,,,2024-03-05 17:26:14.041,admin@gmail.com,
1933,0,15.0,0,0,10000.0,Class 5 (SN 2.5T),true,6,2.0,Hang Cha (China- Japanese engine),12787.72,5483.52,10000.0,0.1,1000.0,0.060666653724447205,16483.52,0.3509,'',,'',-0.36721166869465405,1529,335,,,2024-03-05 17:26:14.052,admin@gmail.com,
1934,0,15.0,0,0,10000.0,Class 5 (SN 2.5T),true,6,2.0,HeLi. (China- Japanese engine ),13853.37,5483.52,10000.0,0.1,1000.0,0.060666653724447205,16483.52,0.3158,'',,'',-0.2620409330004179,1531,335,,,2024-03-05 17:26:14.052,admin@gmail.com,
1947,0,34.0,0,0,10000.0,Class 5 (High Intensity 4-5T),false,6,34.0,Hyster ( FT),49019.61,38019.61,10000.0,0.1,1000.0,0.02039999910240004,49019.61,0.0423,'',,'',-0.02039999910240004,1533,335,,,2024-03-05 17:26:14.056,admin@gmail.com,
1948,0,34.0,0,0,10000.0,Class 5 (High Intensity 4-5T),false,6,22.0,Clark,39647.58,38019.61,10000.0,0.1,1000.0,0.02039999910240004,49019.61,0.0141,'',,'',-0.26160562637114293,1527,335,,,2024-03-05 17:26:14.056,admin@gmail.com,
1949,0,34.0,0,0,10000.0,Class 5 (High Intensity 4-5T),false,6,16.0,Doosan/Hyundai,41397.0,38019.61,10000.0,0.1,1000.0,0.02039999910240004,49019.61,0.4225,'',,'',-0.20829069739353095,1528,335,,,2024-03-05 17:26:14.056,admin@gmail.com,
1945,0,34.0,0,0,10000.0,Class 5 (High Intensity 4-5T),false,6,20.0,Unicarrier,30434.78,38019.61,10000.0,0.1,1000.0,0.02039999910240004,49019.61,0.0704,'',,'',-0.6435016123001382,1547,335,,,2024-03-05 17:26:14.056,admin@gmail.com,
1946,0,34.0,0,0,10000.0,Class 5 (High Intensity 4-5T),false,6,24.0,Toyota,31372.55,38019.61,10000.0,0.1,1000.0,0.02039999910240004,49019.61,0.2817,'',,'',-0.5943750189257807,1537,335,,,2024-03-05 17:26:14.056,admin@gmail.com,
1647,366,15.0,435,245,0.0,Class 5 (HYM 2.5-3T),false,6,24.0,Mitsubishi/Nichiyu,20437.96,14244.53,0.0,0.1,0.0,0.0,14244.53,0.31,'',Maximal,A3C1,0.30303562586481225,1538,257,,,2024-03-05 17:26:14.069,admin@gmail.com,
1783,0,11.0,0,0,10000.0,Class 5 (2.5T Combined) Diesel,false,6,20.0,TCM (China),14785.23,11450.0,10000.0,0.1,1000.0,0.044543429844097995,22450.0,0.4409,'',,'',-0.5860422867956738,1546,307,,,2024-03-05 17:26:13.987,admin@gmail.com,
1790,0,11.0,0,0,10000.0,Class 5 (2.5T Combined) Diesel,false,6,20.0,TCM,21521.0,11450.0,10000.0,0.1,1000.0,0.044543429844097995,22450.0,0.0215,'',,'',-0.08963338134845035,1546,307,,,2024-03-05 17:26:13.988,admin@gmail.com,
1879,0,15.0,0,0,10000.0,Class 5 (3T Combined),false,6,11.0,HYG (Japan),22660.0,10560.0,10000.0,0.1,1000.0,0.04638218923933209,21560.0,0.0099,'',,'',0.00441306266548985,1530,326,,,2024-03-05 17:26:14.017,admin@gmail.com,
1880,0,15.0,0,0,10000.0,Class 5 (3T Combined),false,6,24.0,Toyota (Japan),23100.0,10560.0,10000.0,0.1,1000.0,0.04638218923933209,21560.0,0.4554,'',,'',0.023376623376623377,1537,326,,,2024-03-05 17:26:14.017,admin@gmail.com,
1724,0,5.0,0,0,10000.0,Class 5 (2.5T Combined),false,6,5.0,Toyota (Japan),19593.0,8593.0,10000.0,0.1,1000.0,0.05103863624763946,19593.0,0.06,'',,'',-0.05103863624763946,1537,293,,,2024-03-05 17:26:14.029,admin@gmail.com,
1900,0,40.0,0,0,10000.0,Class 2 (VNA 1.3-1.5T),false,2,26.0,Linde,99792.84,109679.71,10000.0,0.1,1000.0,0.008286397108511447,120679.71,0.022,'',,'',-0.21932304962961283,1539,326,,,2024-03-05 17:26:13.969,admin@gmail.com,
1901,0,40.0,0,0,10000.0,Class 2 (VNA 1.3-1.5T),false,2,75.0,Crown,92830.55,109679.71,10000.0,0.1,1000.0,0.008286397108511447,120679.71,0.0549,'',,'',-0.3107722619331675,1534,326,,,2024-03-05 17:26:13.969,admin@gmail.com,
1862,0,15.0,0,0,10000.0,Class 1 (Li-ion),false,1,24.0,Toyota (China Li-ion),30339.15,10237.400000000001,10000.0,0.1,1000.0,0.047086743198319944,21237.4,0.03,'',,'',0.2670394523248014,1537,326,,,2024-03-05 17:26:13.985,admin@gmail.com,
1864,0,15.0,0,0,10000.0,Class 1 (Li-ion),false,1,20.0,Unicarrier (Japan),23837.9,10237.400000000001,10000.0,0.1,1000.0,0.047086743198319944,21237.4,0.01,'',,'',0.06714098137839322,1547,326,,,2024-03-05 17:26:13.985,admin@gmail.com,
1763,0,49.0,0,0,10000.0,Class 2 (Pantograpgh 1.4 - 2.5T),false,2,48.0,Raymond,53200.0,48500.0,10000.0,0.1,1000.0,0.01680672268907563,59500.0,0.4,'',,'',-0.13721804511278196,1540,293,,,2024-03-05 17:26:14.034,admin@gmail.com,
1764,0,49.0,0,0,10000.0,Class 2 (Pantograpgh 1.4 - 2.5T),false,2,49.0,HYG,59500.0,48500.0,10000.0,0.1,1000.0,0.01680672268907563,59500.0,0.034,'',,'',-0.01680672268907563,1530,293,,,2024-03-05 17:26:14.034,admin@gmail.com,
1765,0,49.0,0,0,10000.0,Class 2 (Pantograpgh 1.4 - 2.5T),false,2,5.0,Crown,19593.0,48500.0,10000.0,0.1,1000.0,0.01680672268907563,59500.0,0.5,'',,'',-2.0878374929821875,1534,293,,,2024-03-05 17:26:14.034,admin@gmail.com,
1798,0,15.0,0,0,10000.0,Class 1(Li-ion without Battery) HYM (2.5T-3T),false,1,24.0,Toyota,13652.32,-716.2000000000007,10000.0,0.1,1000.0,0.09724031972617127,10283.8,0.41,'',,'',0.17348846203429164,1537,315,,,2024-03-05 17:26:14.035,admin@gmail.com,
1799,0,15.0,0,0,10000.0,Class 1(Li-ion without Battery) HYM (2.5T-3T),false,1,20.0,Nichiyu,12758.42,-716.2000000000007,10000.0,0.1,1000.0,0.09724031972617127,10283.8,0.19,'',,'',0.11558014236872596,1553,315,,,2024-03-05 17:26:14.036,admin@gmail.com,
1800,0,15.0,0,0,10000.0,Class 1(Li-ion without Battery) HYM (2.5T-3T),false,1,15.0,HYG HYM,10283.8,-716.2000000000007,10000.0,0.1,1000.0,0.09724031972617127,10283.8,0.02,'',,'',-0.09724031972617127,1530,315,,,2024-03-05 17:26:14.036,admin@gmail.com,
1801,0,15.0,0,0,10000.0,Class 1(Li-ion without Battery) HYM (2.5T-3T),true,1,2.0,Heli,13820.81,-716.2000000000007,10000.0,0.1,1000.0,0.09724031972617127,10283.8,0.38,'',,'',0.18356449441096437,1531,315,,,2024-03-05 17:26:14.036,admin@gmail.com,
1759,0,18.0,0,0,10000.0,Class 2 (MMRT 1.4 - 2.5T),false,2,5.0,Linde,19593.0,28200.0,10000.0,0.1,1000.0,0.025510204081632654,39200.0,0.2,'',,'',-1.0517531771551065,1539,293,,,2024-03-05 17:26:14.038,admin@gmail.com,
1760,0,18.0,0,0,10000.0,Class 2 (MMRT 1.4 - 2.5T),false,2,5.0,Crown,19593.0,28200.0,10000.0,0.1,1000.0,0.025510204081632654,39200.0,0.3,'',,'',-1.0517531771551065,1534,293,,,2024-03-05 17:26:14.038,admin@gmail.com,
1761,0,18.0,0,0,10000.0,Class 2 (MMRT 1.4 - 2.5T),false,2,5.0,Jungheinrich,19593.0,28200.0,10000.0,0.1,1000.0,0.025510204081632654,39200.0,0.1,'',,'',-1.0517531771551065,1535,293,,,2024-03-05 17:26:14.038,admin@gmail.com,
1762,0,18.0,0,0,10000.0,Class 2 (MMRT 1.4 - 2.5T),false,2,17.0,HYG (HYM),33320.0,28200.0,10000.0,0.1,1000.0,0.025510204081632654,39200.0,0.0,'',,'',-0.2064825930372149,1530,293,,,2024-03-05 17:26:14.038,admin@gmail.com,
1894,0,46.0,0,0,10000.0,Class 2 (Pantograph 1.4-2.5T),false,2,49.0,Yale,60339.86,49339.86,10000.0,0.1,1000.0,0.016572792843735466,60339.86,0.0241,'',,'',-0.016572792843735466,1532,326,,,2024-03-05 17:26:14.044,admin@gmail.com,
1895,0,46.0,0,0,10000.0,Class 2 (Pantograph 1.4-2.5T),false,2,75.0,Crown,55698.33,49339.86,10000.0,0.1,1000.0,0.016572792843735466,60339.86,0.9639,'',,'',-0.10128723787589321,1534,326,,,2024-03-05 17:26:14.044,admin@gmail.com,
1887,0,17.0,0,0,10000.0,Class 2 (MMRT 1.4-2.5T),false,2,18.0,Hyster,46750.0,20231.99,10000.0,0.1,1000.0,0.03201845287476078,31231.99,0.0532,'',,'',0.31054566844919784,1533,326,,,2024-03-05 17:26:14.050,admin@gmail.com,
1888,0,17.0,0,0,10000.0,Class 2 (MMRT 1.4-2.5T),false,2,18.0,Yale,46750.0,20231.99,10000.0,0.1,1000.0,0.03201845287476078,31231.99,0.0319,'',,'',0.31054566844919784,1532,326,,,2024-03-05 17:26:14.050,admin@gmail.com,
1889,0,17.0,0,0,10000.0,Class 2 (MMRT 1.4-2.5T),false,2,16.0,BT,33550.0,20231.99,10000.0,0.1,1000.0,0.03201845287476078,31231.99,0.3191,'',,'',0.03928494783904615,1544,326,,,2024-03-05 17:26:14.050,admin@gmail.com,
1890,0,17.0,0,0,10000.0,Class 2 (MMRT 1.4-2.5T),false,2,28.0,Jungheinrich,24713.33,20231.99,10000.0,0.1,1000.0,0.03201845287476078,31231.99,0.4255,'',,'',-0.3042350019200164,1535,326,,,2024-03-05 17:26:14.050,admin@gmail.com,
1891,0,17.0,0,0,10000.0,Class 2 (MMRT 1.4-2.5T),false,2,28.0,Linde,33000.0,20231.99,10000.0,0.1,1000.0,0.03201845287476078,31231.99,0.1596,'',,'',0.023273030303030254,1539,326,,,2024-03-05 17:26:14.050,admin@gmail.com,
1892,0,17.0,0,0,10000.0,Class 2 (MMRT 1.4-2.5T),false,2,17.0,HYG (China),31231.99,20231.99,10000.0,0.1,1000.0,0.03201845287476078,31231.99,0.0106,'',,'',-0.03201845287476078,1530,326,,,2024-03-05 17:26:14.050,admin@gmail.com,
1841,0,15.0,0,0,10000.0,Class 2 (SNRT),false,2,25.0,Toyota,15941.31,9274.869999999999,10000.0,0.1,1000.0,0.04932214115306288,20274.87,0.1667,SN Reach (1.4 - 2.5T),,'',-0.33457476204904113,1537,315,,,2024-03-05 17:26:14.058,admin@gmail.com,
1842,0,15.0,0,0,10000.0,Class 2 (SNRT),false,2,20.0,Nichiyu,16869.93,9274.869999999999,10000.0,0.1,1000.0,0.04932214115306288,20274.87,0.2262,SN Reach (1.4 - 2.5T),,'',-0.26111193111056175,1553,315,,,2024-03-05 17:26:14.058,admin@gmail.com,
1904,0,15.0,0,0,10000.0,Class 1 (Lead Acid 2T),false,1,14.0,Toyota M.I.C,18832.6,7846.299999999999,10000.0,0.1,1000.0,0.053060812997776756,18846.3,0.0323,'',,'',-0.05382687467476614,1537,335,,,2024-03-05 17:26:14.064,admin@gmail.com,
1905,0,15.0,0,0,10000.0,Class 1 (Lead Acid 2T),false,1,14.0,Toyota M.I.J,25739.64,7846.299999999999,10000.0,0.1,1000.0,0.053060812997776756,18846.3,0.129,'',,'',0.2289596901899172,1537,335,,,2024-03-05 17:26:14.064,admin@gmail.com,
1906,0,15.0,0,0,10000.0,Class 1 (Lead Acid 2T),false,1,14.0,Linde forklift.,26432.0,7846.299999999999,10000.0,0.1,1000.0,0.053060812997776756,18846.3,0.0806,'',,'',0.2491563256658596,1539,335,,,2024-03-05 17:26:14.064,admin@gmail.com,
1907,0,15.0,0,0,10000.0,Class 1 (Lead Acid 2T),false,1,14.0,Mitsubishi Forklift.,25447.57,7846.299999999999,10000.0,0.1,1000.0,0.053060812997776756,18846.3,0.0484,'',,'',0.22011021091601282,1538,335,,,2024-03-05 17:26:14.064,admin@gmail.com,
1908,0,15.0,0,0,10000.0,Class 1 (Lead Acid 2T),false,1,12.0,HYG (SN),27280.48,7846.299999999999,10000.0,0.1,1000.0,0.053060812997776756,18846.3,0.0323,'',,'',0.27250913473663224,1530,335,,,2024-03-05 17:26:14.064,admin@gmail.com,
1940,0,24.0,0,0,10000.0,Class 5 (HYM 4-5T),true,6,2.0,HeLi. (Chinese Engine),16837.17,23100.6,10000.0,0.1,1000.0,0.029324997214125265,34100.6,0.49,'',,'',-1.0847090098870535,1531,335,,,2024-03-05 17:26:13.997,admin@gmail.com,
1941,0,24.0,0,0,10000.0,Class 5 (HYM 4-5T),true,6,2.0,Hang Cha. (Chinese Engine),17689.68,23100.6,10000.0,0.1,1000.0,0.029324997214125265,34100.6,0.44,'',,'',-0.9842416595438696,1529,335,,,2024-03-05 17:26:13.997,admin@gmail.com,
1679,0,22.0,0,0,10000.0,Class 5 (2.5T Combined),false,6,22.0,HYG IRIS (Probable SOP),21723.0,10723.0,10000.0,0.1,1000.0,0.046034157344749804,21723.0,0.0178,'',,'',-0.046034157344749804,1530,274,,,2024-03-05 17:26:14.073,admin@gmail.com,
1884,0,24.0,0,0,10000.0,Class 5 (5T Combined),false,6,34.0,HYG (H-FT),46821.06,21000.0,10000.0,0.1,1000.0,0.03125,32000.0,0.0099,'',,'',0.29518895983986687,1530,326,,,2024-03-05 17:26:14.077,admin@gmail.com,
1885,0,24.0,0,0,10000.0,Class 5 (5T Combined),false,6,24.0,HYG (HYM),32000.0,21000.0,10000.0,0.1,1000.0,0.03125,32000.0,0.003,'',,'',-0.03125,1530,326,,,2024-03-05 17:26:14.077,admin@gmail.com,
1886,0,24.0,0,0,10000.0,Class 5 (5T Combined),false,6,20.0,Others (China),23760.0,21000.0,10000.0,0.1,1000.0,0.03125,32000.0,0.087,'',,'',-0.3888888888888889,1550,326,,,2024-03-05 17:26:14.077,admin@gmail.com,
1565,181,15.0,203,95,460.53064426924067,Lead Acid,true,1,2.0,Heli,15734.38,18575.646291303834,460.5306442692406,0.1,46.05306442692381,0.0024134005526043763,19082.23,0.11,'',Maximal,A3C4,-0.21569982830126921,1531,247,,,2024-03-05 17:26:13.951,admin@gmail.com,
1924,0,49.0,0,0,10000.0,Class 2 (Pantograpgh 1.4 - 2.5T),false,2,38.0,Raymond,62445.41,52388.0,10000.0,0.1,1000.0,0.015775856629014956,63388.0,0.1136,'',,'',-0.031108611505633422,1540,335,,,2024-03-05 17:26:13.980,admin@gmail.com,
1925,0,49.0,0,0,10000.0,Class 2 (Pantograpgh 1.4 - 2.5T),false,2,46.0,Hyster,62052.0,52388.0,10000.0,0.1,1000.0,0.015775856629014956,63388.0,0.1705,'',,'',-0.03764584541997035,1533,335,,,2024-03-05 17:26:13.981,admin@gmail.com,
1926,0,49.0,0,0,10000.0,Class 2 (Pantograpgh 1.4 - 2.5T),false,2,49.0,Yale,63388.0,52388.0,10000.0,0.1,1000.0,0.015775856629014956,63388.0,0.2273,'',,'',-0.015775856629014956,1532,335,,,2024-03-05 17:26:13.981,admin@gmail.com,
1865,0,15.0,0,0,10000.0,Class 1 (Li-ion),false,1,22.0,Others (China),16253.12,10237.400000000001,10000.0,0.1,1000.0,0.047086743198319944,21237.4,0.37,'',,'',-0.36819269161859386,1550,326,,,2024-03-05 17:26:13.985,admin@gmail.com,
1866,0,15.0,0,0,10000.0,Class 1 (Li-ion),false,1,12.0,HYG (Japan),24921.44,10237.400000000001,10000.0,0.1,1000.0,0.047086743198319944,21237.4,0.01,'',,'',0.10770003659499601,1530,326,,,2024-03-05 17:26:13.985,admin@gmail.com,
1909,0,15.0,0,0,10000.0,Class 1 (Lead Acid 2T),false,1,16.0,KOMATSU FORKLIFT.,27706.73,7846.299999999999,10000.0,0.1,1000.0,0.053060812997776756,18846.3,0.0323,'',,'',0.2837011079979485,1552,335,,,2024-03-05 17:26:14.064,admin@gmail.com,
1910,0,15.0,0,0,10000.0,Class 1 (Lead Acid 2T),false,1,15.0,HYG (HYM),18846.3,7846.299999999999,10000.0,0.1,1000.0,0.053060812997776756,18846.3,0.0323,'',,'',-0.053060812997776756,1530,335,,,2024-03-05 17:26:14.064,admin@gmail.com,
1911,0,15.0,0,0,10000.0,Class 1 (Li-ion 2.5T),false,1,12.0,BYD,20287.4,19264.28,10000.0,0.1,1000.0,0.033042253111588975,30264.28,0.3387,'',,'',-0.541068840758303,1554,335,,,2024-03-05 17:26:14.095,admin@gmail.com,
1912,0,15.0,0,0,10000.0,Class 1 (Li-ion 2.5T),true,1,2.0,Hang Cha.,18115.94,19264.28,10000.0,0.1,1000.0,0.033042253111588975,30264.28,0.3226,'',,'',-0.7257884492883063,1529,335,,,2024-03-05 17:26:14.095,admin@gmail.com,
1913,0,15.0,0,0,10000.0,Class 1 (Li-ion 2.5T),true,1,2.0,HeLi.,18329.07,19264.28,10000.0,0.1,1000.0,0.033042253111588975,30264.28,0.2903,'',,'',-0.7057210213065911,1531,335,,,2024-03-05 17:26:14.095,admin@gmail.com,
1836,0,11.0,0,0,10000.0,Class 5 (3.5T),false,6,11.0,Yale,22132.11,11898.220000000001,10000.0,0.1,1000.0,0.04367151682532529,22898.22,0.02,SN 3.5T,,'',-0.07979853705769584,1532,315,,,2024-03-05 17:26:13.971,admin@gmail.com,
1849,181,15.0,203,95,460.53064426924067,Class 1 (Lead Acid),false,1,20.0,Nichiyu,19800.0,23209.416291303834,460.5306442692406,0.1,46.05306442692381,0.0019418563175461212,23716.0,0.2,'',Maximal,A3C4,-0.2001036901225719,1553,326,,,2024-03-05 17:26:13.961,admin@gmail.com,
1896,0,40.0,0,0,10000.0,Class 2 (VNA 1.3-1.5T),false,2,40.0,Hyster,125321.24,109679.71,10000.0,0.1,1000.0,0.008286397108511447,120679.71,0.011,'',,'',0.029057564384137907,1533,326,,,2024-03-05 17:26:13.969,admin@gmail.com,
1897,0,40.0,0,0,10000.0,Class 2 (VNA 1.3-1.5T),false,2,40.0,Yale,120679.71,109679.71,10000.0,0.1,1000.0,0.008286397108511447,120679.71,0.011,'',,'',-0.008286397108511447,1532,326,,,2024-03-05 17:26:13.969,admin@gmail.com,
1898,0,40.0,0,0,10000.0,Class 2 (VNA 1.3-1.5T),false,2,36.0,BT,99792.84,109679.71,10000.0,0.1,1000.0,0.008286397108511447,120679.71,0.8791,'',,'',-0.21932304962961283,1544,326,,,2024-03-05 17:26:13.969,admin@gmail.com,
1922,0,49.0,0,0,10000.0,Class 2 (Pantograpgh 1.4 - 2.5T),false,2,48.0,Mitsubishi,62115.0,52388.0,10000.0,0.1,1000.0,0.015775856629014956,63388.0,0.0341,'',,'',-0.03659341543910489,1538,335,,,2024-03-05 17:26:13.980,admin@gmail.com,
1923,0,49.0,0,0,10000.0,Class 2 (Pantograpgh 1.4 - 2.5T),false,2,75.0,Crown,63319.0,52388.0,10000.0,0.1,1000.0,0.015775856629014956,63388.0,0.4545,'',,'',-0.016882768205435966,1534,335,,,2024-03-05 17:26:13.980,admin@gmail.com,
1915,57,17.0,61,18,946.4555357142856,Class 2 (MMRT 1.3 - 1.5T),false,2,28.0,Linde,51420.0,31198.928910714283,946.4555357142857,0.1,94.64555357143036,0.002935653396458699,32240.03,0.3684,'',Masate,D435,0.37116539180141134,1539,335,,,2024-03-05 17:26:13.982,admin@gmail.com,
1916,57,17.0,61,18,946.4555357142856,Class 2 (MMRT 1.3 - 1.5T),false,2,28.0,Jungheinrich,51354.0,31198.928910714283,946.4555357142857,0.1,94.64555357143036,0.002935653396458699,32240.03,0.2105,'',Masate,D435,0.37035721553196577,1535,335,,,2024-03-05 17:26:13.982,admin@gmail.com,
1917,57,17.0,61,18,946.4555357142856,Class 2 (MMRT 1.3 - 1.5T),false,2,38.0,Still,51300.0,31198.928910714283,946.4555357142857,0.1,94.64555357143036,0.002935653396458699,32240.03,0.1263,'',Masate,D435,0.3696944336535784,1536,335,,,2024-03-05 17:26:13.983,admin@gmail.com,
1918,57,17.0,61,18,946.4555357142856,Class 2 (MMRT 1.3 - 1.5T),false,2,24.0,BT,55022.0,31198.928910714283,946.4555357142857,0.1,94.64555357143036,0.002935653396458699,32240.03,0.0526,'',Masate,D435,0.41233187536673643,1544,335,,,2024-03-05 17:26:13.983,admin@gmail.com,
1919,57,17.0,61,18,946.4555357142856,Class 2 (MMRT 1.3 - 1.5T),false,2,18.0,Hyster,50494.46,31198.928910714283,946.4555357142857,0.1,94.64555357143036,0.002935653396458699,32240.03,0.1053,'',Masate,D435,0.35963914549098197,1533,335,,,2024-03-05 17:26:13.983,admin@gmail.com,
1920,57,17.0,61,18,946.4555357142856,Class 2 (MMRT 1.3 - 1.5T),false,2,18.0,Yale,52405.0,31198.928910714283,946.4555357142857,0.1,94.64555357143036,0.002935653396458699,32240.03,0.1263,'',Masate,D435,0.3829849145392342,1532,335,,,2024-03-05 17:26:13.983,admin@gmail.com,
1921,57,17.0,61,18,946.4555357142856,Class 2 (MMRT 1.3 - 1.5T),false,2,17.0,HYG (China),32240.03,31198.928910714283,946.4555357142857,0.1,94.64555357143036,0.002935653396458699,32240.03,0.0105,'',Masate,D435,-0.002935653396458699,1530,335,,,2024-03-05 17:26:13.983,admin@gmail.com,
1857,0,15.0,0,0,10000.0,Class 1 (Li-ion),true,1,2.0,Heli,14960.0,10237.400000000001,10000.0,0.1,1000.0,0.047086743198319944,21237.4,0.25,'',,'',-0.486457219251337,1531,326,,,2024-03-05 17:26:13.985,admin@gmail.com,
1860,0,15.0,0,0,10000.0,Class 1 (Li-ion),false,1,15.0,HYG (China),21237.4,10237.400000000001,10000.0,0.1,1000.0,0.047086743198319944,21237.4,0.01,'',,'',-0.047086743198319944,1530,326,,,2024-03-05 17:26:13.985,admin@gmail.com,
1861,0,15.0,0,0,10000.0,Class 1 (Li-ion),false,1,44.0,iMOW,12760.0,10237.400000000001,10000.0,0.1,1000.0,0.047086743198319944,21237.4,0.06,'',,'',-0.7427429467084641,1556,326,,,2024-03-05 17:26:13.985,admin@gmail.com,
1838,0,11.0,0,0,10000.0,Class 5 (3.5T),false,6,20.0,Mitsubishi,18185.48,11898.220000000001,10000.0,0.1,1000.0,0.04367151682532529,22898.22,0.73,HYM 3.5T,,'',-0.3141374327210501,1538,315,,,2024-03-05 17:26:13.971,admin@gmail.com,
1839,0,11.0,0,0,10000.0,Class 5 (3.5T),false,6,15.0,Hyster,19934.38,11898.220000000001,10000.0,0.1,1000.0,0.04367151682532529,22898.22,0.02,HYM 3.5T,,'',-0.19884440850430263,1533,315,,,2024-03-05 17:26:13.971,admin@gmail.com,
1840,0,11.0,0,0,10000.0,Class 5 (3.5T),false,6,15.0,Yale,37654.0,11898.220000000001,10000.0,0.1,1000.0,0.04367151682532529,22898.22,0.0,HYM 3.5T,,'',0.36532055027354327,1532,315,,,2024-03-05 17:26:13.971,admin@gmail.com,
1784,0,11.0,0,0,10000.0,Class 5 (2.5T Combined) Diesel,false,6,24.0,Toyota (China),18927.46,11450.0,10000.0,0.1,1000.0,0.044543429844097995,22450.0,0.2581,'',,'',-0.23894067138432737,1537,307,,,2024-03-05 17:26:13.987,admin@gmail.com,
1785,0,11.0,0,0,10000.0,Class 5 (2.5T Combined) Diesel,false,6,32.0,Linde.(China),18457.65,11450.0,10000.0,0.1,1000.0,0.044543429844097995,22450.0,0.0753,'',,'',-0.27047592732552617,1539,307,,,2024-03-05 17:26:13.987,admin@gmail.com,
1832,0,11.0,0,0,10000.0,Class 5 (3.5T),false,6,25.0,TCM,23370.27,11898.220000000001,10000.0,0.1,1000.0,0.04367151682532529,22898.22,0.04,SN 3.5T,,'',-0.022590667544705335,1546,315,,,2024-03-05 17:26:13.971,admin@gmail.com,
1610,29,40.0,31,17,2627.746994535519,Class 2 (VNA 1.3 - 2.5T),false,2,40.0,Hyster,123400.53,110320.97830601093,2627.746994535519,0.1,262.77469945354096,0.002321095466922892,113211.5,0.03,'',Masate,B869,0.08043932469776635,1533,257,,,2024-03-05 17:26:13.978,admin@gmail.com,
1612,29,40.0,31,17,2627.746994535519,Class 2 (VNA 1.3 - 2.5T),false,2,40.0,Yale,113211.5,110320.97830601093,2627.746994535519,0.1,262.77469945354096,0.002321095466922892,113211.5,0.03,'',Masate,B869,-0.002321095466922892,1532,257,,,2024-03-05 17:26:13.978,admin@gmail.com,
1614,29,40.0,31,17,2627.746994535519,Class 2 (VNA 1.3 - 2.5T),false,2,75.0,Crown,84558.82,110320.97830601093,2627.746994535519,0.1,262.77469945354096,0.002321095466922892,113211.5,0.25,'',Masate,B869,-0.34195669593607775,1534,257,,,2024-03-05 17:26:13.978,admin@gmail.com,
1833,0,11.0,0,0,10000.0,Class 5 (3.5T),false,6,17.0,KOMATSU FORKLIFT.,23911.97,11898.220000000001,10000.0,0.1,1000.0,0.04367151682532529,22898.22,0.24,SN 3.5T,,'',0.0005750258134315,1552,315,,,2024-03-05 17:26:13.971,admin@gmail.com,
1834,0,11.0,0,0,10000.0,Class 5 (3.5T),false,6,20.0,Sumitomo (Japan),17489.01,11898.220000000001,10000.0,0.1,1000.0,0.04367151682532529,22898.22,0.02,SN 3.5T,,'',-0.36647071503761525,1541,315,,,2024-03-05 17:26:13.971,admin@gmail.com,
1837,0,11.0,0,0,10000.0,Class 5 (3.5T),false,6,20.0,Toyota,24144.12,11898.220000000001,10000.0,0.1,1000.0,0.04367151682532529,22898.22,0.25,HYM 3.5T,,'',0.010184674363778751,1537,315,,,2024-03-05 17:26:13.971,admin@gmail.com,
1786,0,11.0,0,0,10000.0,Class 5 (2.5T Combined) Diesel,false,6,15.0,Yale  (China),18708.07,11450.0,10000.0,0.1,1000.0,0.044543429844097995,22450.0,0.0538,'',,'',-0.2534697593070798,1532,307,,,2024-03-05 17:26:13.987,admin@gmail.com,
1787,0,11.0,0,0,10000.0,Class 5 (2.5T Combined) Diesel,false,6,16.0,Hyundai(South Korea),17389.21,11450.0,10000.0,0.1,1000.0,0.044543429844097995,22450.0,0.0645,'',,'',-0.34853739761610797,1551,307,,,2024-03-05 17:26:13.987,admin@gmail.com,
1914,0,15.0,0,0,10000.0,Class 1 (Li-ion 2.5T),false,1,15.0,HYG (HYM),30264.28,19264.28,10000.0,0.1,1000.0,0.033042253111588975,30264.28,0.0484,'',,'',-0.033042253111588975,1530,335,,,2024-03-05 17:26:14.095,admin@gmail.com,
1574,69,15.0,77,57,549.126159645234,Li-ion,false,1,15.0,HYG,21114.37,20510.33122439024,549.126159645234,0.1,54.912615964523866,0.002600722444691642,21114.37,0.02,'',Maximal,A7S4,-0.002600722444691642,1530,247,,,2024-03-05 17:26:14.098,admin@gmail.com,
1576,69,15.0,77,57,549.126159645234,Li-ion,true,1,2.0,Heli,18505.21,20510.33122439024,549.126159645234,0.1,54.912615964523866,0.002600722444691642,21114.37,0.11,'',Maximal,A7S4,-0.14396338198618247,1531,247,,,2024-03-05 17:26:14.098,admin@gmail.com,
1820,0,15.0,0,0,10000.0,Class 5 (3T),false,6,20.0,Toyota,15709.16,5467.529999999999,10000.0,0.1,1000.0,0.0607255611497292,16467.53,0.2,SN 3T,,'',-0.1119327831659999,1537,315,,,2024-03-05 17:26:13.966,admin@gmail.com,
1821,0,15.0,0,0,10000.0,Class 5 (3T),false,6,25.0,TCM,15244.85,5467.529999999999,10000.0,0.1,1000.0,0.0607255611497292,16467.53,0.28,SN 3T,,'',-0.14579874515000138,1546,315,,,2024-03-05 17:26:13.966,admin@gmail.com,
1822,0,15.0,0,0,10000.0,Class 5 (3T),false,6,17.0,KOMATSU FORKLIFT.,20661.8,5467.529999999999,10000.0,0.1,1000.0,0.0607255611497292,16467.53,0.04,SN 3T,,'',0.15459785691469285,1552,315,,,2024-03-05 17:26:13.966,admin@gmail.com,
1823,0,15.0,0,0,10000.0,Class 5 (3T),false,6,20.0,Sumitomo (Japan),16096.08,5467.529999999999,10000.0,0.1,1000.0,0.0607255611497292,16467.53,0.02,SN 3T,,'',-0.0852039751293482,1541,315,,,2024-03-05 17:26:13.966,admin@gmail.com,
1824,0,15.0,0,0,10000.0,Class 5 (3T),false,6,11.0,Hyster,19020.91,5467.529999999999,10000.0,0.1,1000.0,0.0607255611497292,16467.53,0.03,SN 3T,,'',0.0816669654606431,1533,315,,,2024-03-05 17:26:13.966,admin@gmail.com,
1825,0,15.0,0,0,10000.0,Class 5 (3T),false,6,11.0,Yale,20029.58,5467.529999999999,10000.0,0.1,1000.0,0.0607255611497292,16467.53,0.0,SN 3T,,'',0.12791331620533244,1532,315,,,2024-03-05 17:26:13.966,admin@gmail.com,
1826,0,15.0,0,0,10000.0,Class 5 (3T),false,6,20.0,Toyota,12458.99,5467.529999999999,10000.0,0.1,1000.0,0.0607255611497292,16467.53,0.27,HYM 3T,,'',-0.4020020884517926,1537,315,,,2024-03-05 17:26:13.966,admin@gmail.com,
1827,0,15.0,0,0,10000.0,Class 5 (3T),false,6,20.0,Mitsubishi,14703.15,5467.529999999999,10000.0,0.1,1000.0,0.0607255611497292,16467.53,0.7,HYM 3T,,'',-0.1880127727731812,1538,315,,,2024-03-05 17:26:13.966,admin@gmail.com,
1828,0,15.0,0,0,10000.0,Class 5 (3T),false,6,15.0,Hyster,16190.37,5467.529999999999,10000.0,0.1,1000.0,0.0607255611497292,16467.53,0.02,HYM 3T,,'',-0.07888392915047636,1533,315,,,2024-03-05 17:26:13.966,admin@gmail.com,
1788,0,11.0,0,0,10000.0,Class 5 (2.5T Combined) Diesel,false,6,11.0,HYG (SN),22450.0,11450.0,10000.0,0.1,1000.0,0.044543429844097995,22450.0,0.0645,'',,'',-0.044543429844097995,1530,307,,,2024-03-05 17:26:13.987,admin@gmail.com,
1789,0,11.0,0,0,10000.0,Class 5 (2.5T Combined) Diesel,false,6,4.0,Sumitomo (Japan 3T),22000.0,11450.0,10000.0,0.1,1000.0,0.044543429844097995,22450.0,0.0215,'',,'',-0.0659090909090909,1541,307,,,2024-03-05 17:26:13.987,admin@gmail.com,
1794,0,12.0,0,0,10000.0,Class 1 (SN Lead Acid 1.5-3.5T),false,1,12.0,Hyster,21667.8,11441.650000000001,10000.0,0.1,1000.0,0.04456000338656026,22441.65,0.24,'',,'',-0.08186571779322323,1533,315,,,2024-03-05 17:26:13.963,admin@gmail.com,
1795,0,12.0,0,0,10000.0,Class 1 (SN Lead Acid 1.5-3.5T),false,1,12.0,Yale,22441.65,11441.650000000001,10000.0,0.1,1000.0,0.04456000338656026,22441.65,0.02,'',,'',-0.04456000338656026,1532,315,,,2024-03-05 17:26:13.963,admin@gmail.com,
1796,0,12.0,0,0,10000.0,Class 1 (SN Lead Acid 1.5-3.5T),false,1,5.0,Toyota,19593.0,11441.650000000001,10000.0,0.1,1000.0,0.04456000338656026,22441.65,0.02,'',,'',-0.1964298473944777,1537,315,,,2024-03-05 17:26:13.963,admin@gmail.com,
1797,0,12.0,0,0,10000.0,Class 1 (SN Lead Acid 1.5-3.5T),false,1,5.0,Mitsubishi,19593.0,11441.650000000001,10000.0,0.1,1000.0,0.04456000338656026,22441.65,0.11,'',,'',-0.1964298473944777,1538,315,,,2024-03-05 17:26:13.963,admin@gmail.com,
1616,29,40.0,31,17,2627.746994535519,Class 2 (VNA 1.3 - 2.5T),false,2,48.0,Jungheinrich,85294.12,110320.97830601093,2627.746994535519,0.1,262.77469945354096,0.002321095466922892,113211.5,0.6,'',Masate,B869,-0.3303880115001309,1535,257,,,2024-03-05 17:26:13.978,admin@gmail.com,
1618,29,40.0,31,17,2627.746994535519,Class 2 (VNA 1.3 - 2.5T),false,2,26.0,Linde,92279.41,110320.97830601093,2627.746994535519,0.1,262.77469945354096,0.002321095466922892,113211.5,0.1,'',Masate,B869,-0.22968140671308515,1539,257,,,2024-03-05 17:26:13.978,admin@gmail.com,
1867,0,11.0,0,0,10000.0,Class 5 (2.5-3T Combined),false,6,24.0,Toyota (China),16060.0,9900.0,10000.0,0.1,1000.0,0.04784688995215311,20900.0,0.2885,'',,'',-0.36363636363636365,1537,326,,,2024-03-05 17:26:13.958,admin@gmail.com,
1868,0,11.0,0,0,10000.0,Class 5 (2.5-3T Combined),false,6,20.0,Mistsubish (China),15840.0,9900.0,10000.0,0.1,1000.0,0.04784688995215311,20900.0,0.1058,'',,'',-0.38257575757575757,1538,326,,,2024-03-05 17:26:13.958,admin@gmail.com,
1869,0,11.0,0,0,10000.0,Class 5 (2.5-3T Combined),false,6,20.0,Unicarrier (Japan),17380.0,9900.0,10000.0,0.1,1000.0,0.04784688995215311,20900.0,0.0962,'',,'',-0.2600690448791715,1547,326,,,2024-03-05 17:26:13.958,admin@gmail.com,
1870,0,11.0,0,0,10000.0,Class 5 (2.5-3T Combined),false,6,15.0,HYG (China),19118.0,9900.0,10000.0,0.1,1000.0,0.04784688995215311,20900.0,0.0385,'',,'',-0.1455173135265195,1530,326,,,2024-03-05 17:26:13.958,admin@gmail.com,
1871,0,11.0,0,0,10000.0,Class 5 (2.5-3T Combined),false,6,22.0,Others (China),12320.0,9900.0,10000.0,0.1,1000.0,0.04784688995215311,20900.0,0.2115,'',,'',-0.7775974025974026,1550,326,,,2024-03-05 17:26:13.959,admin@gmail.com,
1872,0,11.0,0,0,10000.0,Class 5 (2.5-3T Combined),false,6,11.0,HYG (Japan),20900.0,9900.0,10000.0,0.1,1000.0,0.04784688995215311,20900.0,0.0385,'',,'',-0.04784688995215311,1530,326,,,2024-03-05 17:26:13.959,admin@gmail.com,
1873,0,11.0,0,0,10000.0,Class 5 (2.5-3T Combined),false,6,24.0,Toyota (Japan),17050.0,9900.0,10000.0,0.1,1000.0,0.04784688995215311,20900.0,0.2212,'',,'',-0.2844574780058651,1537,326,,,2024-03-05 17:26:13.959,admin@gmail.com,
1831,0,11.0,0,0,10000.0,Class 5 (3.5T),false,6,20.0,Toyota,16560.39,11898.220000000001,10000.0,0.1,1000.0,0.04367151682532529,22898.22,0.41,SN 3.5T,,'',-0.4430952411144908,1537,315,,,2024-03-05 17:26:13.971,admin@gmail.com,
1578,24,38.0,26,14,757.4540930979134,Order Picker,false,2,38.0,Yale,42323.65,33025.720497592294,757.4540930979134,0.1,75.74540930979128,0.0022370887585838914,33858.92,0.12,OS030BF,Greenville,E826,0.19821032899313296,1532,247,,,2024-03-05 17:26:13.948,admin@gmail.com,
1580,24,38.0,26,14,757.4540930979134,Order Picker,false,2,38.0,Hyster,33858.92,33025.720497592294,757.4540930979134,0.1,75.74540930979128,0.0022370887585838914,33858.92,0.13,R30XM3,Greenville,E826,-0.0022370887585838914,1533,247,,,2024-03-05 17:26:13.948,admin@gmail.com,
1582,24,38.0,26,14,757.4540930979134,Order Picker,false,2,75.0,Crown,33195.02,33025.720497592294,757.4540930979134,0.1,75.74540930979128,0.0022370887585838914,33858.92,0.4,SP3500,Greenville,E826,-0.022281818456798424,1534,247,,,2024-03-05 17:26:13.948,admin@gmail.com,
1584,24,38.0,26,14,757.4540930979134,Order Picker,false,2,48.0,Jungheinrich,40663.9,33025.720497592294,757.4540930979134,0.1,75.74540930979128,0.0022370887585838914,33858.92,0.1,EKS412,Greenville,E826,0.16548424009232296,1535,247,,,2024-03-05 17:26:13.948,admin@gmail.com,
1586,24,38.0,26,14,757.4540930979134,Order Picker,false,2,12.0,Clark,23236.51,33025.720497592294,757.4540930979134,0.1,75.74540930979128,0.0022370887585838914,33858.92,0.25,OSX15,Greenville,E826,-0.46040284919335095,1527,247,,,2024-03-05 17:26:13.948,admin@gmail.com,
1791,0,12.0,0,0,10000.0,Class 1 (SN Lead Acid 1.5-3.5T),false,1,20.0,TCM,17179.47,11441.650000000001,10000.0,0.1,1000.0,0.04456000338656026,22441.65,0.07,'',,'',-0.3645153197392003,1546,315,,,2024-03-05 17:26:13.963,admin@gmail.com,
1792,0,12.0,0,0,10000.0,Class 1 (SN Lead Acid 1.5-3.5T),false,1,20.0,KOMATSU FORKLIFT.,17798.55,11441.650000000001,10000.0,0.1,1000.0,0.04456000338656026,22441.65,0.27,'',,'',-0.31705391731348914,1552,315,,,2024-03-05 17:26:13.963,admin@gmail.com,
1793,0,12.0,0,0,10000.0,Class 1 (SN Lead Acid 1.5-3.5T),false,1,12.0,Sumitomo (Japan),15941.31,11441.650000000001,10000.0,0.1,1000.0,0.04456000338656026,22441.65,0.26,'',,'',-0.47049709214612867,1541,315,,,2024-03-05 17:26:13.963,admin@gmail.com,
1899,0,40.0,0,0,10000.0,Class 2 (VNA 1.3-1.5T),false,2,48.0,Jungheinrich,88189.02,109679.71,10000.0,0.1,1000.0,0.008286397108511447,120679.71,0.022,'',,'',-0.3797603148328443,1535,326,,,2024-03-05 17:26:13.969,admin@gmail.com,
1686,0,22.0,0,0,10000.0,Class 5 (LPG),true,6,2.0,Heli,14461.54,10723.0,10000.0,0.1,1000.0,0.046034157344749804,21723.0,0.3235,'',,'',-0.5712711094392435,1531,274,,,2024-03-05 17:26:14.005,admin@gmail.com,
1687,0,22.0,0,0,10000.0,Class 5 (LPG),false,6,24.0,Toyota (Japan),24615.38,10723.0,10000.0,0.1,1000.0,0.046034157344749804,21723.0,0.2982,'',,'',0.07687795191461602,1537,274,,,2024-03-05 17:26:14.005,admin@gmail.com,
1725,0,5.0,0,0,10000.0,Class 5 (2.5T Combined),false,6,5.0,Mitsubishi (Japan),19593.0,8593.0,10000.0,0.1,1000.0,0.05103863624763946,19593.0,0.22,'',,'',-0.05103863624763946,1538,293,,,2024-03-05 17:26:14.029,admin@gmail.com,
1726,0,5.0,0,0,10000.0,Class 5 (2.5T Combined),false,6,5.0,CAT (Japan),19593.0,8593.0,10000.0,0.1,1000.0,0.05103863624763946,19593.0,0.16,'',,'',-0.05103863624763946,1549,293,,,2024-03-05 17:26:14.029,admin@gmail.com,
1727,0,5.0,0,0,10000.0,Class 5 (2.5T Combined),false,6,5.0,Clark (Japan),19593.0,8593.0,10000.0,0.1,1000.0,0.05103863624763946,19593.0,0.04,'',,'',-0.05103863624763946,1527,293,,,2024-03-05 17:26:14.029,admin@gmail.com,
1734,0,5.0,0,0,10000.0,Class 5 (2.5T Combined),false,6,5.0,HYG (China),19593.0,8593.0,10000.0,0.1,1000.0,0.05103863624763946,19593.0,0.15,'',,'',-0.05103863624763946,1530,293,,,2024-03-05 17:26:14.029,admin@gmail.com,
1583,9,38.0,9,7,0.0,Order Picker,false,2,48.0,Jungheinrich,40663.9,42323.65,0.0,0.1,0.0,0.0,42323.65,0.1,EKS412,Greenville,H118,-0.040816301436901035,1535,247,,,2024-03-05 17:26:13.974,admin@gmail.com,
1579,9,38.0,9,7,0.0,Order Picker,false,2,38.0,Hyster,33858.92,42323.65,0.0,0.1,0.0,0.0,42323.65,0.13,R30XM3,Greenville,H118,-0.2500000000000001,1533,247,,,2024-03-05 17:26:13.974,admin@gmail.com,
1581,9,38.0,9,7,0.0,Order Picker,false,2,75.0,Crown,33195.02,42323.65,0.0,0.1,0.0,0.0,42323.65,0.4,SP3500,Greenville,H118,-0.27499998493749983,1534,247,,,2024-03-05 17:26:13.974,admin@gmail.com,
1602,122,49.0,130,4,1173.3847272727269,Class 2 (Pantograpgh 1.4 - 2.5T),false,2,49.0,HYG,30832.12,29541.3968,1173.3847272727269,0.1,117.33847272727508,0.0038057218487497803,30832.12,0.14,'',Greenville,E861,-0.0038057218487497803,1530,257,,,2024-03-05 17:26:13.976,admin@gmail.com,
1609,16,40.0,17,11,3029.826331360948,Class 2 (VNA 1.3 - 2.5T),false,2,40.0,Hyster,123400.53,109878.69103550295,3029.826331360948,0.1,302.9826331360964,0.0026762531468631405,113211.5,0.03,'',Masate,B464,0.08011349195067398,1533,257,,,2024-03-05 17:26:14.001,admin@gmail.com,
1619,9,38.0,9,7,0.0,Class 2 (Order Picker),false,2,38.0,HYG (USA),24313.87,24313.87,0.0,0.1,0.0,0.0,24313.87,0.06,'',Greenville,H118,0.0,1530,257,,,2024-03-05 17:26:14.008,admin@gmail.com,
1660,0,15.0,0,0,10000.0,Class 1 (Li-ion),true,1,2.0,Heli,19500.44,14143.52,10000.0,0.1,1000.0,0.039771678746651225,25143.52,0.48,'',,'',-0.3406630824740366,1531,274,,,2024-03-05 17:26:14.054,admin@gmail.com,
1661,0,15.0,0,0,10000.0,Class 1 (Li-ion),false,1,15.0,HYG (HYM),25143.52,14143.52,10000.0,0.1,1000.0,0.039771678746651225,25143.52,0.11,'',,'',-0.039771678746651225,1530,274,,,2024-03-05 17:26:14.054,admin@gmail.com,
1662,0,15.0,0,0,10000.0,Class 1 (Li-ion),true,1,2.0,Hangcha,22153.85,14143.52,10000.0,0.1,1000.0,0.039771678746651225,25143.52,0.23,'',,'',-0.18008923956784045,1529,274,,,2024-03-05 17:26:14.054,admin@gmail.com,
1663,0,15.0,0,0,10000.0,Class 1 (Li-ion),false,1,24.0,Toyota,32307.69,14143.52,10000.0,0.1,1000.0,0.039771678746651225,25143.52,0.11,'',,'',0.19079575172350602,1537,274,,,2024-03-05 17:26:14.054,admin@gmail.com,
1664,0,15.0,0,0,10000.0,Class 1 (Li-ion),false,1,24.0,Baoli,21846.15,14143.52,10000.0,0.1,1000.0,0.039771678746651225,25143.52,0.07,'',,'',-0.19671063322370297,1543,274,,,2024-03-05 17:26:14.054,admin@gmail.com,
1695,0,18.0,0,0,10000.0,Class 5 (4-5T),false,6,24.0,Toyota,43939.39,23848.480000000003,10000.0,0.1,1000.0,0.02869565616635216,34848.48,0.2071,'',,'',0.18413796823305914,1537,274,,,2024-03-05 17:26:13.992,admin@gmail.com,
1696,0,18.0,0,0,10000.0,Class 5 (4-5T),false,6,20.0,Mitsubishi,40909.09,23848.480000000003,10000.0,0.1,1000.0,0.02869565616635216,34848.48,0.1571,'',,'',0.12370380274897325,1538,274,,,2024-03-05 17:26:13.992,admin@gmail.com,
1697,0,18.0,0,0,10000.0,Class 5 (4-5T),false,6,20.0,UniCarrier,40909.09,23848.480000000003,10000.0,0.1,1000.0,0.02869565616635216,34848.48,0.1571,'',,'',0.12370380274897325,1547,274,,,2024-03-05 17:26:13.992,admin@gmail.com,
1698,0,18.0,0,0,10000.0,Class 5 (4-5T),false,6,32.0,Linde,45454.55,23848.480000000003,10000.0,0.1,1000.0,0.02869565616635216,34848.48,0.0571,'',,'',0.21133351886664808,1539,274,,,2024-03-05 17:26:13.992,admin@gmail.com,
1630,0,13.0,0,0,10000.0,Class 3 (Pallet),false,3,28.0,Jungheinrich (China),6788.32,-4158.0,10000.0,0.1,1000.0,0.14615609470914936,6842.0,0.24,'',,'',-0.1552195535861598,1535,257,,,2024-03-05 17:26:14.032,admin@gmail.com,
1631,0,13.0,0,0,10000.0,Class 3 (Pallet),false,3,58.0,Toyota,5766.42,-4158.0,10000.0,0.1,1000.0,0.14615609470914936,6842.0,0.37,'',,'',-0.35994256401718916,1537,257,,,2024-03-05 17:26:14.032,admin@gmail.com,
1632,0,13.0,0,0,10000.0,Class 3 (Pallet),false,3,58.0,Still,7961.68,-4158.0,10000.0,0.1,1000.0,0.14615609470914936,6842.0,0.07,'',,'',0.015032003295786855,1536,257,,,2024-03-05 17:26:14.032,admin@gmail.com,
1708,0,15.0,0,0,10000.0,Class 1 (Lead Acid 3 Wheel),false,1,4.0,Baoli,20293.0,9300.0,10000.0,0.1,1000.0,0.04926108374384237,20300.0,0.01,'',,'',-0.04962302271719312,1543,293,,,2024-03-05 17:26:14.045,admin@gmail.com,
1709,0,15.0,0,0,10000.0,Class 1 (Lead Acid 3 Wheel),false,1,4.0,Enforcer,19593.0,9300.0,10000.0,0.1,1000.0,0.04926108374384237,20300.0,0.0,'',,'',-0.08712295207472057,1548,293,,,2024-03-05 17:26:14.045,admin@gmail.com,
1557,181,15.0,203,95,460.53064426924067,Lead Acid,false,1,12.0,Clark,11593.75,18575.646291303834,460.5306442692406,0.1,46.05306442692381,0.0024134005526043763,19082.23,0.44,'',Maximal,A3C4,-0.6498788626998964,1527,247,,,2024-03-05 17:26:13.951,admin@gmail.com,
1559,181,15.0,203,95,460.53064426924067,Lead Acid,false,1,12.0,Doosan/Hyundai,14078.13,18575.646291303834,460.5306442692406,0.1,46.05306442692381,0.0024134005526043763,19082.23,0.28,'',Maximal,A3C4,-0.3587232867168384,1528,247,,,2024-03-05 17:26:13.951,admin@gmail.com,
1561,181,15.0,203,95,460.53064426924067,Lead Acid,true,1,17.0,Hangcha,16562.5,18575.646291303834,460.5306442692406,0.1,46.05306442692381,0.0024134005526043763,19082.23,0.15,'',Maximal,A3C4,-0.15491520388992744,1529,247,,,2024-03-05 17:26:13.951,admin@gmail.com,
1563,181,15.0,203,95,460.53064426924067,Lead Acid,false,1,15.0,HYG,19082.23,18575.646291303834,460.5306442692406,0.1,46.05306442692381,0.0024134005526043763,19082.23,0.02,'',Maximal,A3C4,-0.0024134005526043763,1530,247,,,2024-03-05 17:26:13.951,admin@gmail.com,
1710,0,15.0,0,0,10000.0,Class 1 (Lead Acid 3 Wheel),false,1,5.0,Linde,19593.0,9300.0,10000.0,0.1,1000.0,0.04926108374384237,20300.0,0.1,'',,'',-0.08712295207472057,1539,293,,,2024-03-05 17:26:14.045,admin@gmail.com,
1711,0,15.0,0,0,10000.0,Class 1 (Lead Acid 3 Wheel),false,1,5.0,Crown,19593.0,9300.0,10000.0,0.1,1000.0,0.04926108374384237,20300.0,0.2,'',,'',-0.08712295207472057,1534,293,,,2024-03-05 17:26:14.045,admin@gmail.com,
1626,67,15.0,72,100,903.5310546875006,Class 2 (SNRT),false,2,24.0,Toyota,25547.45,21095.895839843746,903.5310546875006,0.1,90.35310546875189,0.0040902673303560245,22089.78,0.56,'',SN,C915,0.1318063796790384,1537,257,,,2024-03-05 17:26:14.081,admin@gmail.com,
1639,366,15.0,435,245,0.0,Class 5 (HYM 2.5-3T),false,6,15.0,HYG,14244.53,14244.53,0.0,0.1,0.0,0.0,14244.53,0.08,'',Maximal,A3C1,0.0,1530,257,,,2024-03-05 17:26:14.069,admin@gmail.com,
1641,366,15.0,435,245,0.0,Class 5 (HYM 2.5-3T),false,6,44.0,Crown,21532.85,14244.53,0.0,0.1,0.0,0.0,14244.53,0.03,'',Maximal,A3C1,0.33847447040219936,1534,257,,,2024-03-05 17:26:14.069,admin@gmail.com,
1634,0,13.0,0,0,10000.0,Class 3 (Stacker),false,3,50.0,Crown,14051.09,-2469.59,10000.0,0.1,1000.0,0.11722765963183482,8530.41,0.11,'',,'',0.3217316236676301,1534,257,,,2024-03-05 17:26:14.096,admin@gmail.com,
1562,69,15.0,77,57,549.126159645234,Lead Acid,true,1,17.0,Hangcha,16562.5,18478.19122439024,549.126159645234,0.1,54.912615964523866,0.0028776833716250075,19082.23,0.15,'',Maximal,A7S4,-0.15545012020917878,1529,247,,,2024-03-05 17:26:14.079,admin@gmail.com,
1627,67,15.0,72,100,903.5310546875006,Class 2 (SNRT),false,2,24.0,Mitsubishi/Nichiyu,24087.59,21095.895839843746,903.5310546875006,0.1,90.35310546875189,0.0040902673303560245,22089.78,0.16,'',SN,C915,0.07918836606448588,1538,257,,,2024-03-05 17:26:14.081,admin@gmail.com,
1633,0,13.0,0,0,10000.0,Class 3 (Stacker),false,3,13.0,HYG HYM,8530.41,-2469.59,10000.0,0.1,1000.0,0.11722765963183482,8530.41,0.03,'',,'',-0.11722765963183482,1530,257,,,2024-03-05 17:26:14.096,admin@gmail.com,
1635,0,13.0,0,0,10000.0,Class 3 (Stacker),false,3,24.0,Mitsubishi/Nichiyu,8856.45,-2469.59,10000.0,0.1,1000.0,0.11722765963183482,8530.41,0.11,'',,'',-0.07609821090843386,1538,257,,,2024-03-05 17:26:14.096,admin@gmail.com,
1636,0,13.0,0,0,10000.0,Class 3 (Stacker),false,3,58.0,Toyota,10218.98,-2469.59,10000.0,0.1,1000.0,0.11722765963183482,8530.41,0.33,'',,'',0.06738148034343934,1537,257,,,2024-03-05 17:26:14.096,admin@gmail.com,
1637,0,13.0,0,0,10000.0,Class 3 (Stacker),false,3,28.0,Jungheinrich (G),12262.77,-2469.59,10000.0,0.1,1000.0,0.11722765963183482,8530.41,0.24,'',,'',0.2228175200219853,1535,257,,,2024-03-05 17:26:14.096,admin@gmail.com,
1638,0,13.0,0,0,10000.0,Class 3 (Stacker),false,3,28.0,Jungheinrich (C),8868.61,-2469.59,10000.0,0.1,1000.0,0.11722765963183482,8530.41,0.18,'',,'',-0.07462274245907749,1535,257,,,2024-03-05 17:26:14.096,admin@gmail.com,
1601,60,49.0,64,20,1175.555632754343,Class 2 (Pantograpgh 1.4 - 2.5T),false,2,49.0,HYG,30832.12,29539.00880397022,1175.555632754343,0.1,117.55556327543673,0.0038127629003596487,30832.12,0.14,'',Greenville,E264,-0.0038127629003596487,1530,257,,,2024-03-05 17:26:14.102,admin@gmail.com,
1603,60,49.0,64,20,1175.555632754343,Class 2 (Pantograpgh 1.4 - 2.5T),false,2,62.0,Crown,38686.13,29539.00880397022,1175.555632754343,0.1,117.55556327543673,0.0038127629003596487,30832.12,0.36,'',Greenville,E264,0.19998005581650483,1534,257,,,2024-03-05 17:26:14.102,admin@gmail.com,
1605,60,49.0,64,20,1175.555632754343,Class 2 (Pantograpgh 1.4 - 2.5T),false,2,36.0,Raymond,38602.94,29539.00880397022,1175.555632754343,0.1,117.55556327543673,0.0038127629003596487,30832.12,0.36,'',Greenville,E264,0.19825599906961922,1540,257,,,2024-03-05 17:26:14.102,admin@gmail.com,
1607,60,49.0,64,20,1175.555632754343,Class 2 (Pantograpgh 1.4 - 2.5T),false,2,24.0,Mitsubishi/Nichiyu,39172.75,29539.00880397022,1175.555632754343,0.1,117.55556327543673,0.0038127629003596487,30832.12,0.14,'',Greenville,E264,0.20991823236113277,1538,257,,,2024-03-05 17:26:14.102,admin@gmail.com,
1587,47,62.0,49,22,682.075,Lead Acid,false,1,62.0,HYG (USA),28042.15,27291.8675,682.075,0.1,68.20750000000044,0.0024323206316206295,28042.15,0.04,'',Greenville,A268,-0.0024323206316206295,1530,257,,,2024-03-05 17:26:14.075,admin@gmail.com,
1588,47,62.0,49,22,682.075,Lead Acid,false,1,62.0,Crown (USA),35583.94,27291.8675,682.075,0.1,68.20750000000044,0.0024323206316206295,28042.15,0.3,'',Greenville,A268,0.21002684076018563,1534,257,,,2024-03-05 17:26:14.075,admin@gmail.com,
1564,69,15.0,77,57,549.126159645234,Lead Acid,false,1,15.0,HYG,19082.23,18478.19122439024,549.126159645234,0.1,54.912615964523866,0.0028776833716250075,19082.23,0.02,'',Maximal,A7S4,-0.0028776833716250075,1530,247,,,2024-03-05 17:26:14.079,admin@gmail.com,
1566,69,15.0,77,57,549.126159645234,Lead Acid,true,1,2.0,Heli,15734.38,18478.19122439024,549.126159645234,0.1,54.912615964523866,0.0028776833716250075,19082.23,0.11,'',Maximal,A7S4,-0.21626289793207767,1531,247,,,2024-03-05 17:26:14.079,admin@gmail.com,
1625,67,15.0,72,100,903.5310546875006,Class 2 (SNRT),false,2,15.0,HYG,22089.78,21095.895839843746,903.5310546875006,0.1,90.35310546875189,0.0040902673303560245,22089.78,0.13,'',SN,C915,-0.0040902673303560245,1530,257,,,2024-03-05 17:26:14.081,admin@gmail.com,
1670,0,15.0,0,0,10000.0,Class 2 (SNRT 1.8T),false,2,15.0,HYG SN,20448.4,9448.400000000001,10000.0,0.1,1000.0,0.04890358169832358,20448.4,0.01,'',,'',-0.04890358169832358,1530,274,,,2024-03-05 17:26:14.085,admin@gmail.com,
1655,0,15.0,0,0,10000.0,Class 1 (Lead Acid),false,1,24.0,Toyota (Japan),27692.31,9769.23,10000.0,0.1,1000.0,0.04814814993141296,20769.23,0.4421,'',,'',0.2138889821759182,1537,274,,,2024-03-05 17:26:14.088,admin@gmail.com,
1656,0,15.0,0,0,10000.0,Class 1 (Lead Acid),false,1,12.0,Sumitomo (Japan),23846.15,9769.23,10000.0,0.1,1000.0,0.04814814993141296,20769.23,0.3823,'',,'',0.08709665920913866,1541,274,,,2024-03-05 17:26:14.088,admin@gmail.com,
1657,0,15.0,0,0,10000.0,Class 1 (Lead Acid),true,1,2.0,Heli,17000.0,9769.23,10000.0,0.1,1000.0,0.04814814993141296,20769.23,0.1042,'',,'',-0.28054294117647055,1531,274,,,2024-03-05 17:26:14.088,admin@gmail.com,
1658,0,15.0,0,0,10000.0,Class 1 (Lead Acid),false,1,24.0,Nissan (Japan),24000.0,9769.23,10000.0,0.1,1000.0,0.04814814993141296,20769.23,0.0444,'',,'',0.09294875000000002,1542,274,,,2024-03-05 17:26:14.088,admin@gmail.com,
1659,0,15.0,0,0,10000.0,Class 1 (Lead Acid),false,1,15.0,HYG (HYM),20769.23,9769.23,10000.0,0.1,1000.0,0.04814814993141296,20769.23,0.027,'',,'',-0.04814814993141296,1530,274,,,2024-03-05 17:26:14.088,admin@gmail.com,
1572,69,15.0,77,57,549.126159645234,Li-ion,true,1,2.0,Hangcha,19479.17,20510.33122439024,549.126159645234,0.1,54.912615964523866,0.002600722444691642,21114.37,0.15,'',Maximal,A7S4,-0.0867651247955906,1529,247,,,2024-03-05 17:26:14.098,admin@gmail.com,
1649,0,11.0,0,0,0.0,Class 5 (SN 2.5-3T),false,6,11.0,HYG,18723.72,18723.72,0.0,0.1,0.0,0.0,18723.72,0.1,'',SN,D466,0.0,1530,257,,,2024-03-05 17:26:14.048,admin@gmail.com,
1651,0,11.0,0,0,0.0,Class 5 (SN 2.5-3T),false,6,28.0,Jungheinrich(G),26642.34,18723.72,0.0,0.1,0.0,0.0,18723.72,0.21,'',SN,D466,0.297219388387056,1535,257,,,2024-03-05 17:26:14.048,admin@gmail.com,
1653,0,11.0,0,0,0.0,Class 5 (SN 2.5-3T),false,6,24.0,Toyota,25912.41,18723.72,0.0,0.1,0.0,0.0,18723.72,0.42,'',SN,D466,0.27742267122201286,1537,257,,,2024-03-05 17:26:14.048,admin@gmail.com,
1643,366,15.0,435,245,0.0,Class 5 (HYM 2.5-3T),false,6,28.0,Jungheinrich,20437.96,14244.53,0.0,0.1,0.0,0.0,14244.53,0.03,'',Maximal,A3C1,0.30303562586481225,1535,257,,,2024-03-05 17:26:14.069,admin@gmail.com,
1645,366,15.0,435,245,0.0,Class 5 (HYM 2.5-3T),false,6,24.0,Toyota,22992.7,14244.53,0.0,0.1,0.0,0.0,14244.53,0.39,'',Maximal,A3C1,0.3804759771579675,1537,257,,,2024-03-05 17:26:14.069,admin@gmail.com,
1707,0,15.0,0,0,10000.0,Class 1 (Lead Acid 3 Wheel),false,1,20.0,Toyota,22043.0,9300.0,10000.0,0.1,1000.0,0.04926108374384237,20300.0,0.3,'',,'',0.03370684571065644,1537,293,,,2024-03-05 17:26:14.045,admin@gmail.com,
1712,0,15.0,0,0,10000.0,Class 1 (Lead Acid 3 Wheel),false,1,55.0,HYG CRG,27300.0,9300.0,10000.0,0.1,1000.0,0.04926108374384237,20300.0,0.01,'',,'',0.21978021978021978,1530,293,,,2024-03-05 17:26:14.045,admin@gmail.com,
1713,0,15.0,0,0,10000.0,Class 1 (Lead Acid 3 Wheel),false,1,15.0,HYG HYM,20300.0,9300.0,10000.0,0.1,1000.0,0.04926108374384237,20300.0,0.15,'',,'',-0.04926108374384237,1530,293,,,2024-03-05 17:26:14.045,admin@gmail.com,
1723,0,8.0,0,0,10000.0,Class 5,false,3,8.0,HYG HYM,7490.0,-3510.0,10000.0,0.1,1000.0,0.13351134846461948,7490.0,0.2,'',,'',-0.13351134846461948,1530,293,,,2024-03-05 17:26:14.062,admin@gmail.com,
1694,0,18.0,0,0,10000.0,Class 5 (4-5T),false,6,25.0,TCM,42424.24,23848.480000000003,10000.0,0.1,1000.0,0.02869565616635216,34848.48,0.2071,'',,'',0.15500006600000366,1546,274,,,2024-03-05 17:26:13.992,admin@gmail.com,
1699,0,18.0,0,0,10000.0,Class 5 (4-5T),true,6,17.0,Heli,31818.18,23848.480000000003,10000.0,0.1,1000.0,0.02869565616635216,34848.48,0.1571,'',,'',-0.12666657866666173,1531,274,,,2024-03-05 17:26:13.992,admin@gmail.com,
1700,0,18.0,0,0,10000.0,Class 5 (4-5T),false,6,18.0,HYG,34848.48,23848.480000000003,10000.0,0.1,1000.0,0.02869565616635216,34848.48,0.0571,'',,'',-0.02869565616635216,1530,274,,,2024-03-05 17:26:13.992,admin@gmail.com,
1688,0,22.0,0,0,10000.0,Class 5 (LPG),false,6,17.0,Komatsu (Japan),23076.92,10723.0,10000.0,0.1,1000.0,0.046034157344749804,21723.0,0.0909,'',,'',0.015336535378204643,1545,274,,,2024-03-05 17:26:14.006,admin@gmail.com,
1689,0,22.0,0,0,10000.0,Class 5 (LPG),true,6,2.0,Hangcha,13846.15,10723.0,10000.0,0.1,1000.0,0.046034157344749804,21723.0,0.0832,'',,'',-0.6411060114183366,1529,274,,,2024-03-05 17:26:14.006,admin@gmail.com,
1690,0,22.0,0,0,10000.0,Class 5 (LPG),false,6,11.0,HYG (SN),23076.93,10723.0,10000.0,0.1,1000.0,0.046034157344749804,21723.0,0.0157,'',,'',0.01533696206557806,1530,274,,,2024-03-05 17:26:14.006,admin@gmail.com,
1691,0,22.0,0,0,10000.0,Class 5 (LPG),false,6,15.0,HYG (HYM),20837.0,10723.0,10000.0,0.1,1000.0,0.046034157344749804,21723.0,0.0157,'',,'',-0.09051206987570187,1530,274,,,2024-03-05 17:26:14.006,admin@gmail.com,
1673,0,22.0,0,0,10000.0,Class 5 (2.5T Combined),true,6,2.0,Heli,12000.0,10723.0,10000.0,0.1,1000.0,0.046034157344749804,21723.0,0.3849,'',,'',-0.8935833333333333,1531,274,,,2024-03-05 17:26:14.073,admin@gmail.com,
1674,0,22.0,0,0,10000.0,Class 5 (2.5T Combined),false,6,24.0,Toyota (Japan),24230.77,10723.0,10000.0,0.1,1000.0,0.046034157344749804,21723.0,0.3547,'',,'',0.06222542659601822,1537,274,,,2024-03-05 17:26:14.073,admin@gmail.com,
1675,0,22.0,0,0,10000.0,Class 5 (2.5T Combined),false,6,17.0,Komatsu (Japan),22615.38,10723.0,10000.0,0.1,1000.0,0.046034157344749804,21723.0,0.1081,'',,'',-0.004758708454158143,1545,274,,,2024-03-05 17:26:14.073,admin@gmail.com,
1676,0,22.0,0,0,10000.0,Class 5 (2.5T Combined),true,6,17.0,Hangcha,13507.69,10723.0,10000.0,0.1,1000.0,0.046034157344749804,21723.0,0.0989,'',,'',-0.6822269388770396,1529,274,,,2024-03-05 17:26:14.073,admin@gmail.com,
1677,0,22.0,0,0,10000.0,Class 5 (2.5T Combined),false,6,11.0,HYG (Japan),23076.93,10723.0,10000.0,0.1,1000.0,0.046034157344749804,21723.0,0.0178,'',,'',0.01533696206557806,1530,274,,,2024-03-05 17:26:14.073,admin@gmail.com,
1678,0,22.0,0,0,10000.0,Class 5 (2.5T Combined),false,6,15.0,HYG (China)),21380.04,10723.0,10000.0,0.1,1000.0,0.046034157344749804,21723.0,0.0178,'',,'',-0.06281372719602017,1530,274,,,2024-03-05 17:26:14.073,admin@gmail.com,
1720,0,5.0,0,0,10000.0,Class 1 (Lead Acid 4 Wheel),false,1,5.0,Toyota,19593.0,35000.0,10000.0,0.1,1000.0,0.021739130434782608,46000.0,0.3,'',,'',-1.3988159036390548,1537,293,,,2024-03-05 17:26:13.998,admin@gmail.com,
1611,16,40.0,17,11,3029.826331360948,Class 2 (VNA 1.3 - 2.5T),false,2,40.0,Yale,113211.5,109878.69103550295,3029.826331360948,0.1,302.9826331360964,0.0026762531468631405,113211.5,0.03,'',Masate,B464,-0.0026762531468631405,1532,257,,,2024-03-05 17:26:14.001,admin@gmail.com,
1735,0,5.0,0,0,10000.0,Class 5 (SN 2.5T),false,6,5.0,Toyota,35522.5,25200.0,10000.0,0.1,1000.0,0.027624309392265192,36200.0,0.06,'',,'',-0.047223590681962135,1537,293,,,2024-03-05 17:26:14.071,admin@gmail.com,
1736,0,5.0,0,0,10000.0,Class 5 (SN 2.5T),false,6,5.0,Mitsubishi,30428.0,25200.0,10000.0,0.1,1000.0,0.027624309392265192,36200.0,0.22,'',,'',-0.22255817010648088,1538,293,,,2024-03-05 17:26:14.071,admin@gmail.com,
1737,0,5.0,0,0,10000.0,Class 5 (SN 2.5T),false,6,5.0,CAT,28000.0,25200.0,10000.0,0.1,1000.0,0.027624309392265192,36200.0,0.16,'',,'',-0.32857142857142857,1549,293,,,2024-03-05 17:26:14.071,admin@gmail.com,
1738,0,5.0,0,0,10000.0,Class 5 (SN 2.5T),false,6,5.0,Clark,27000.0,25200.0,10000.0,0.1,1000.0,0.027624309392265192,36200.0,0.04,'',,'',-0.37777777777777777,1527,293,,,2024-03-05 17:26:14.071,admin@gmail.com,
1585,9,38.0,9,7,0.0,Order Picker,false,2,12.0,Clark,23236.51,42323.65,0.0,0.1,0.0,0.0,42323.65,0.25,OSX15,Greenville,H118,-0.8214288634566896,1527,247,,,2024-03-05 17:26:13.974,admin@gmail.com,
1714,0,5.0,0,0,10000.0,Class 1 (Lead Acid 4 Wheel),false,1,5.0,Baoli,30150.0,35000.0,10000.0,0.1,1000.0,0.021739130434782608,46000.0,0.04,'',,'',-0.5588723051409619,1543,293,,,2024-03-05 17:26:13.998,admin@gmail.com,
1715,0,5.0,0,0,10000.0,Class 1 (Lead Acid 4 Wheel),false,1,5.0,Enforcer,27690.0,35000.0,10000.0,0.1,1000.0,0.021739130434782608,46000.0,0.04,'',,'',-0.6973636691946551,1548,293,,,2024-03-05 17:26:13.998,admin@gmail.com,
1716,0,5.0,0,0,10000.0,Class 1 (Lead Acid 4 Wheel),false,1,5.0,HYG CRG,28000.0,35000.0,10000.0,0.1,1000.0,0.021739130434782608,46000.0,0.55,'',,'',-0.6785714285714286,1530,293,,,2024-03-05 17:26:13.998,admin@gmail.com,
1717,0,5.0,0,0,10000.0,Class 1 (Lead Acid 4 Wheel),false,1,5.0,HYG HYM,46000.0,35000.0,10000.0,0.1,1000.0,0.021739130434782608,46000.0,0.15,'',,'',-0.021739130434782608,1530,293,,,2024-03-05 17:26:13.998,admin@gmail.com,
1718,0,5.0,0,0,10000.0,Class 1 (Lead Acid 4 Wheel),false,1,5.0,Linde,19593.0,35000.0,10000.0,0.1,1000.0,0.021739130434782608,46000.0,0.15,'',,'',-1.3988159036390548,1539,293,,,2024-03-05 17:26:13.998,admin@gmail.com,
1719,0,5.0,0,0,10000.0,Class 1 (Lead Acid 4 Wheel),false,1,5.0,Crown,19593.0,35000.0,10000.0,0.1,1000.0,0.021739130434782608,46000.0,0.2,'',,'',-1.3988159036390548,1534,293,,,2024-03-05 17:26:13.998,admin@gmail.com,
1620,9,38.0,9,7,0.0,Class 2 (Order Picker),false,2,24.0,Toyota (SN),26277.37,24313.87,0.0,0.1,0.0,0.0,24313.87,0.28,'',Greenville,H118,0.0747220897677355,1537,257,,,2024-03-05 17:26:14.008,admin@gmail.com,
1621,9,38.0,9,7,0.0,Class 2 (Order Picker),false,2,62.0,Crown,32116.79,24313.87,0.0,0.1,0.0,0.0,24313.87,0.16,'',Greenville,H118,0.2429545418455581,1534,257,,,2024-03-05 17:26:14.008,admin@gmail.com,
1642,334,15.0,395,223,0.0,Class 5 (HYM 2.5-3T),false,6,44.0,Crown,21532.85,14244.53,0.0,0.1,0.0,0.0,14244.53,0.03,'',Maximal,A7S1,0.33847447040219936,1534,257,,,2024-03-05 17:26:13.955,admin@gmail.com,
1644,334,15.0,395,223,0.0,Class 5 (HYM 2.5-3T),false,6,28.0,Jungheinrich,20437.96,14244.53,0.0,0.1,0.0,0.0,14244.53,0.03,'',Maximal,A7S1,0.30303562586481225,1535,257,,,2024-03-05 17:26:13.955,admin@gmail.com,
1646,334,15.0,395,223,0.0,Class 5 (HYM 2.5-3T),false,6,24.0,Toyota,22992.7,14244.53,0.0,0.1,0.0,0.0,14244.53,0.39,'',Maximal,A7S1,0.3804759771579675,1537,257,,,2024-03-05 17:26:13.955,admin@gmail.com,
1648,334,15.0,395,223,0.0,Class 5 (HYM 2.5-3T),false,6,24.0,Mitsubishi/Nichiyu,20437.96,14244.53,0.0,0.1,0.0,0.0,14244.53,0.31,'',Maximal,A7S1,0.30303562586481225,1538,257,,,2024-03-05 17:26:13.955,admin@gmail.com,
1728,0,5.0,0,0,10000.0,Class 5 (2.5T Combined),false,6,5.0,HYG (Japan),19593.0,8593.0,10000.0,0.1,1000.0,0.05103863624763946,19593.0,0.11,'',,'',-0.05103863624763946,1530,293,,,2024-03-05 17:26:14.029,admin@gmail.com,
1729,0,5.0,0,0,10000.0,Class 5 (2.5T Combined),false,6,5.0,Others (Japan),19593.0,8593.0,10000.0,0.1,1000.0,0.05103863624763946,19593.0,0.27,'',,'',-0.05103863624763946,1550,293,,,2024-03-05 17:26:14.029,admin@gmail.com,
1730,0,5.0,0,0,10000.0,Class 5 (2.5T Combined),false,6,5.0,Toyota (China),19593.0,8593.0,10000.0,0.1,1000.0,0.05103863624763946,19593.0,0.2,'',,'',-0.05103863624763946,1537,293,,,2024-03-05 17:26:14.029,admin@gmail.com,
1875,0,15.0,0,0,10000.0,Class 5 (3T Combined),false,6,20.0,Mistsubish (China),20900.0,10560.0,10000.0,0.1,1000.0,0.04638218923933209,21560.0,0.0693,'',,'',-0.07942583732057416,1538,326,,,2024-03-05 17:26:14.017,admin@gmail.com,
1876,0,15.0,0,0,10000.0,Class 5 (3T Combined),false,6,20.0,Unicarrier (Japan),24200.0,10560.0,10000.0,0.1,1000.0,0.04638218923933209,21560.0,0.0693,'',,'',0.06776859504132231,1547,326,,,2024-03-05 17:26:14.017,admin@gmail.com,
1748,0,34.0,0,0,10000.0,Class 5 (CRG 5T),false,6,40.0,Toyota,55292.3,52000.0,10000.0,0.1,1000.0,0.015873015873015872,63000.0,0.25,'',,'',-0.1574848577469195,1537,293,,,2024-03-05 17:26:13.994,admin@gmail.com,
1749,0,34.0,0,0,10000.0,Class 5 (CRG 5T),false,6,34.0,HYG,63000.0,52000.0,10000.0,0.1,1000.0,0.015873015873015872,63000.0,0.113,'',,'',-0.015873015873015872,1530,293,,,2024-03-05 17:26:13.994,admin@gmail.com,
1750,0,34.0,0,0,10000.0,Class 5 (CRG 5T),false,6,5.0,Linde,19593.0,52000.0,10000.0,0.1,1000.0,0.015873015873015872,63000.0,0.22,'',,'',-2.2664727198489256,1539,293,,,2024-03-05 17:26:13.994,admin@gmail.com,
1623,9,38.0,9,7,0.0,Class 2 (Order Picker),false,2,26.0,Linde,25000.0,24313.87,0.0,0.1,0.0,0.0,24313.87,0.23,'',Greenville,H118,0.02744520000000004,1539,257,,,2024-03-05 17:26:14.008,admin@gmail.com,
1624,9,38.0,9,7,0.0,Class 2 (Order Picker),false,2,24.0,Mitsubishi/Nichiyu,24817.52,24313.87,0.0,0.1,0.0,0.0,24313.87,0.06,'',Greenville,H118,0.020294130920414346,1538,257,,,2024-03-05 17:26:14.008,admin@gmail.com,
1665,0,17.0,0,0,10000.0,Class 2 (MMRT 1.4 - 2.5T),false,2,28.0,Jungheinrich,35757.58,18965.34,10000.0,0.1,1000.0,0.03337188898907872,29965.34,0.88,'',,'',0.13402025528573247,1535,274,,,2024-03-05 17:26:14.015,admin@gmail.com,
1666,0,17.0,0,0,10000.0,Class 2 (MMRT 1.4 - 2.5T),false,2,18.0,HYG (Italy),42113.64,18965.34,10000.0,0.1,1000.0,0.03337188898907872,29965.34,0.05,'',,'',0.26471945906361927,1530,274,,,2024-03-05 17:26:14.015,admin@gmail.com,
1667,0,17.0,0,0,10000.0,Class 2 (MMRT 1.4 - 2.5T),false,2,17.0,HYG (HYM),29965.34,18965.34,10000.0,0.1,1000.0,0.03337188898907872,29965.34,0.03,'',,'',-0.03337188898907872,1530,274,,,2024-03-05 17:26:14.015,admin@gmail.com,
1668,0,17.0,0,0,10000.0,Class 2 (MMRT 1.4 - 2.5T),true,2,12.0,Heli - Lithium,21000.0,18965.34,10000.0,0.1,1000.0,0.03337188898907872,29965.34,0.03,'',,'',-0.47454,1531,274,,,2024-03-05 17:26:14.015,admin@gmail.com,
1669,0,17.0,0,0,10000.0,Class 2 (MMRT 1.4 - 2.5T),true,2,12.0,Heli - Lead Acid,17000.0,18965.34,10000.0,0.1,1000.0,0.03337188898907872,29965.34,0.03,'',,'',-0.8214905882352941,1531,274,,,2024-03-05 17:26:14.015,admin@gmail.com,
1766,0,15.0,0,0,10000.0,Class 1 (Lead Acid),false,1,15.0,Yale,19830.27,8830.27,10000.0,0.1,1000.0,0.05042795685585723,19830.27,0.0462,'',,'',-0.05042795685585723,1532,307,,,2024-03-05 17:26:13.990,admin@gmail.com,
1767,0,15.0,0,0,10000.0,Class 1 (Lead Acid),false,1,44.0,Jungheinrich,20571.85,8830.27,10000.0,0.1,1000.0,0.05042795685585723,19830.27,0.0308,'',,'',-0.012561825990370428,1535,307,,,2024-03-05 17:26:13.990,admin@gmail.com,
1927,0,40.0,0,0,10000.0,Class 2 (VNA 1.3 - 1.5T),false,2,28.0,Linde,129737.99,131794.76,10000.0,0.1,1000.0,0.007003058095409103,142794.76,0.1042,'',,'',-0.1083473699569417,1539,335,,,2024-03-05 17:26:14.011,admin@gmail.com,
1928,0,40.0,0,0,10000.0,Class 2 (VNA 1.3 - 1.5T),false,2,48.0,Jungheinrich,126245.0,131794.76,10000.0,0.1,1000.0,0.007003058095409103,142794.76,0.7292,'',,'',-0.13901350548536584,1535,335,,,2024-03-05 17:26:14.011,admin@gmail.com,
1929,0,40.0,0,0,10000.0,Class 2 (VNA 1.3 - 1.5T),false,2,75.0,Crown,141921.0,131794.76,10000.0,0.1,1000.0,0.007003058095409103,142794.76,0.0104,'',,'',-0.013202838198716253,1534,335,,,2024-03-05 17:26:14.011,admin@gmail.com,
1903,0,15.0,0,0,10000.0,Class 1 (Lead Acid 2T),true,1,2.0,HeLi.,13213.98,7846.299999999999,10000.0,0.1,1000.0,0.053060812997776756,18846.3,0.2903,'',,'',-0.5019169092128185,1531,335,,,2024-03-05 17:26:14.064,admin@gmail.com,
1731,0,5.0,0,0,10000.0,Class 5 (2.5T Combined),false,6,5.0,Mitsubishi-Vulcan (China),19593.0,8593.0,10000.0,0.1,1000.0,0.05103863624763946,19593.0,0.12,'',,'',-0.05103863624763946,1538,293,,,2024-03-05 17:26:14.029,admin@gmail.com,
1732,0,5.0,0,0,10000.0,Class 5 (2.5T Combined),false,6,5.0,Baoli (China),19593.0,8593.0,10000.0,0.1,1000.0,0.05103863624763946,19593.0,0.04,'',,'',-0.05103863624763946,1543,293,,,2024-03-05 17:26:14.029,admin@gmail.com,
1733,0,5.0,0,0,10000.0,Class 5 (2.5T Combined),true,6,5.0,Heli (China),19593.0,8593.0,10000.0,0.1,1000.0,0.05103863624763946,19593.0,0.02,'',,'',-0.05103863624763946,1531,293,,,2024-03-05 17:26:14.029,admin@gmail.com,
1815,0,15.0,0,0,10000.0,Class 5 (2.5-3T Combined),false,6,15.0,HYG HYM,13582.88,2582.879999999999,10000.0,0.1,1000.0,0.07362208898260163,13582.88,0.03,'',,'',-0.07362208898260163,1530,315,,,2024-03-05 17:26:14.041,admin@gmail.com,
1816,0,15.0,0,0,10000.0,Class 5 (2.5-3T Combined),false,6,20.0,Caterpillar,15040.0,2582.879999999999,10000.0,0.1,1000.0,0.07362208898260163,13582.88,0.01,'',,'',0.03039361702127665,1555,315,,,2024-03-05 17:26:14.041,admin@gmail.com,
1628,0,13.0,0,0,10000.0,Class 3 (Pallet),false,3,13.0,HYG,6842.0,-4158.0,10000.0,0.1,1000.0,0.14615609470914936,6842.0,0.07,'',,'',-0.14615609470914936,1530,257,,,2024-03-05 17:26:14.032,admin@gmail.com,
1629,0,13.0,0,0,10000.0,Class 3 (Pallet),false,3,28.0,Crown,7961.68,-4158.0,10000.0,0.1,1000.0,0.14615609470914936,6842.0,0.17,'',,'',0.015032003295786855,1534,257,,,2024-03-05 17:26:14.032,admin@gmail.com,
1942,0,24.0,0,0,10000.0,Class 5 (HYM 4-5T),false,6,24.0,HYG HYM,34100.6,23100.6,10000.0,0.1,1000.0,0.029324997214125265,34100.6,0.07,'',,'',-0.029324997214125265,1530,335,,,2024-03-05 17:26:13.997,admin@gmail.com,
1680,0,15.0,0,0,10000.0,Class 5 (Diesel),true,6,2.0,Heli,12000.0,10923.080000000002,10000.0,0.1,1000.0,0.04561402868575035,21923.08,0.3918,'',,'',-0.9102566666666668,1531,274,,,2024-03-05 17:26:14.003,admin@gmail.com,
1681,0,15.0,0,0,10000.0,Class 5 (Diesel),false,6,24.0,Toyota (Japan),23846.15,10923.080000000002,10000.0,0.1,1000.0,0.04561402868575035,21923.08,0.3612,'',,'',0.03870939334022472,1537,274,,,2024-03-05 17:26:14.003,admin@gmail.com,
1682,0,15.0,0,0,10000.0,Class 5 (Diesel),false,6,17.0,Komatsu (Japan),22153.85,10923.080000000002,10000.0,0.1,1000.0,0.04561402868575035,21923.08,0.1101,'',,'',-0.03472218147184364,1545,274,,,2024-03-05 17:26:14.003,admin@gmail.com,
1683,0,15.0,0,0,10000.0,Class 5 (Diesel),true,6,2.0,Hangcha,13169.23,10923.080000000002,10000.0,0.1,1000.0,0.04561402868575035,21923.08,0.1007,'',,'',-0.7406545409260832,1529,274,,,2024-03-05 17:26:14.003,admin@gmail.com,
1684,0,15.0,0,0,10000.0,Class 5 (Diesel),false,6,11.0,HYG (SN),25805.0,10923.080000000002,10000.0,0.1,1000.0,0.04561402868575035,21923.08,0.0181,'',,'',0.11168068203836459,1530,274,,,2024-03-05 17:26:14.003,admin@gmail.com,
1685,0,15.0,0,0,10000.0,Class 5 (Diesel),false,6,15.0,HYG (HYM),21923.08,10923.080000000002,10000.0,0.1,1000.0,0.04561402868575035,21923.08,0.0181,'',,'',-0.04561402868575035,1530,274,,,2024-03-05 17:26:14.003,admin@gmail.com,
1935,0,15.0,0,0,10000.0,Class 5 (SN 2.5T),false,6,24.0,Toyota.(Japan),24640.74,5483.52,10000.0,0.1,1000.0,0.060666653724447205,16483.52,0.1754,'',,'',0.2904628675924506,1537,335,,,2024-03-05 17:26:14.052,admin@gmail.com,
1936,0,15.0,0,0,10000.0,Class 5 (SN 2.5T),false,6,20.0,Mitsubishi (Japan),21611.25,5483.52,10000.0,0.1,1000.0,0.060666653724447205,16483.52,0.0526,'',,'',0.19099913239632135,1538,335,,,2024-03-05 17:26:14.052,admin@gmail.com,
1937,0,15.0,0,0,10000.0,Class 5 (SN 2.5T),false,6,21.0,KOMATSU FORKLIFT.(Japan),27067.35,5483.52,10000.0,0.1,1000.0,0.060666653724447205,16483.52,0.0526,'',,'',0.35407345011609925,1552,335,,,2024-03-05 17:26:14.052,admin@gmail.com,
1938,0,15.0,0,0,10000.0,Class 5 (SN 2.5T),false,6,11.0,HYG (SN),24513.95,5483.52,10000.0,0.1,1000.0,0.060666653724447205,16483.52,0.0351,'',,'',0.2867930300910298,1530,335,,,2024-03-05 17:26:14.052,admin@gmail.com,
1939,0,15.0,0,0,10000.0,Class 5 (SN 2.5T),false,6,15.0,HYG (HYM),16483.52,5483.52,10000.0,0.1,1000.0,0.060666653724447205,16483.52,0.0175,'',,'',-0.060666653724447205,1530,335,,,2024-03-05 17:26:14.052,admin@gmail.com,
1943,0,34.0,0,0,10000.0,Class 5 (High Intensity 4-5T),false,6,20.0,TCM,30306.91,38019.61,10000.0,0.1,1000.0,0.02039999910240004,49019.61,0.1127,'',,'',-0.6504358247013635,1546,335,,,2024-03-05 17:26:14.056,admin@gmail.com,
1640,334,15.0,395,223,0.0,Class 5 (HYM 2.5-3T),false,6,15.0,HYG,14244.53,14244.53,0.0,0.1,0.0,0.0,14244.53,0.08,'',Maximal,A7S1,0.0,1530,257,,,2024-03-05 17:26:13.955,admin@gmail.com,
1721,0,0.0,0,0,10000.0,Class 3,true,3,4.0,Hangcha,5600.0,-11000.0,10000.0,0.1,1000.0,0,0.0,0.0,'',,'',0.8214285714285714,1529,293,,,2024-03-05 17:26:13.954,admin@gmail.com,
1944,0,34.0,0,0,10000.0,Class 5 (High Intensity 4-5T),false,6,20.0,Mitsubishi,29326.51,38019.61,10000.0,0.1,1000.0,0.02039999910240004,49019.61,0.0563,'',,'',-0.7056107255858267,1538,335,,,2024-03-05 17:26:14.056,admin@gmail.com,
1747,0,18.0,0,0,10000.0,Class 5 (HYM 4-5T),false,6,18.0,HYG HYM,36400.0,25400.0,10000.0,0.1,1000.0,0.027472527472527472,36400.0,0.02,'',,'',-0.027472527472527472,1530,293,,,2024-03-05 17:26:14.019,admin@gmail.com,
1740,0,15.0,0,0,10000.0,Class 5 (HYM 2.5T),false,6,20.0,Toyota (China),16555.0,6780.0,10000.0,0.1,1000.0,0.0562429696287964,17780.0,0.02,'',,'',-0.13440048323769255,1537,293,,,2024-03-05 17:26:14.025,admin@gmail.com,
1741,0,15.0,0,0,10000.0,Class 5 (HYM 2.5T),false,6,12.0,Mitsubishi-Vulcan (China),17850.0,6780.0,10000.0,0.1,1000.0,0.0562429696287964,17780.0,0.1,'',,'',-0.052100840336134456,1538,293,,,2024-03-05 17:26:14.025,admin@gmail.com,
1742,0,15.0,0,0,10000.0,Class 5 (HYM 2.5T),false,6,4.0,Baoli (China),16793.0,6780.0,10000.0,0.1,1000.0,0.0562429696287964,17780.0,0.02,'',,'',-0.11832311081998452,1543,293,,,2024-03-05 17:26:14.025,admin@gmail.com,
1743,0,15.0,0,0,10000.0,Class 5 (HYM 2.5T),true,6,2.0,Heli (China),17150.0,6780.0,10000.0,0.1,1000.0,0.0562429696287964,17780.0,0.0,'',,'',-0.09504373177842565,1531,293,,,2024-03-05 17:26:14.025,admin@gmail.com,
1744,0,15.0,0,0,10000.0,Class 5 (HYM 2.5T),false,6,15.0,HYG (China),17780.0,6780.0,10000.0,0.1,1000.0,0.0562429696287964,17780.0,0.08,'',,'',-0.0562429696287964,1530,293,,,2024-03-05 17:26:14.025,admin@gmail.com,
1803,0,15.0,0,0,10000.0,Class 1(Li-ion with Battery) HYM (2.5T-3T),false,1,15.0,HYG HYM,36863.1,25863.1,10000.0,0.1,1000.0,0.027127398401111138,36863.1,0.04,'',,'',-0.027127398401111138,1530,315,,,2024-03-05 17:26:14.023,admin@gmail.com,
1804,0,15.0,0,0,10000.0,Class 1(Li-ion with Battery) HYM (2.5T-3T),false,1,12.0,BYD,25239.6,25863.1,10000.0,0.1,1000.0,0.027127398401111138,36863.1,0.09,'',,'',-0.5001465950332018,1554,315,,,2024-03-05 17:26:14.023,admin@gmail.com,
1805,0,15.0,0,0,10000.0,Class 1(Li-ion with Battery) HYM (2.5T-3T),true,1,2.0,Heli,24220.5,25863.1,10000.0,0.1,1000.0,0.027127398401111138,36863.1,0.37,'',,'',-0.5632666542804649,1531,315,,,2024-03-05 17:26:14.023,admin@gmail.com,
1782,0,46.0,0,0,10000.0,Class 2 (Pantograpgh 1.4-2.5T),false,2,28.0,Linde(China),61444.0,54550.0,10000.0,0.1,1000.0,0.015255530129672006,65550.0,0.0112,'',,'',-0.08310005858993555,1539,307,,,2024-03-05 17:26:14.013,admin@gmail.com,
1567,181,15.0,203,95,460.53064426924067,Li-ion,false,1,12.0,Clark,13635.42,20607.786291303833,460.5306442692406,0.1,46.05306442692381,0.0021811242498319303,21114.37,0.44,'',Maximal,A3C4,-0.551871747582907,1527,247,,,2024-03-05 17:26:14.021,admin@gmail.com,
1569,181,15.0,203,95,460.53064426924067,Li-ion,false,1,12.0,Doosan/Hyundai,16557.29,20607.786291303833,460.5306442692406,0.1,46.05306442692381,0.0021811242498319303,21114.37,0.28,'',Maximal,A3C4,-0.27801246849133654,1528,247,,,2024-03-05 17:26:14.021,admin@gmail.com,
1571,181,15.0,203,95,460.53064426924067,Li-ion,true,1,2.0,Hangcha,19479.17,20607.786291303833,460.5306442692406,0.1,46.05306442692381,0.0021811242498319303,21114.37,0.15,'',Maximal,A3C4,-0.08631030297630364,1529,247,,,2024-03-05 17:26:14.021,admin@gmail.com,
1573,181,15.0,203,95,460.53064426924067,Li-ion,false,1,15.0,HYG,21114.37,20607.786291303833,460.5306442692406,0.1,46.05306442692381,0.0021811242498319303,21114.37,0.02,'',Maximal,A3C4,-0.0021811242498319303,1530,247,,,2024-03-05 17:26:14.021,admin@gmail.com,
1902,0,15.0,0,0,10000.0,Class 1 (Lead Acid 2T),true,1,2.0,Hang Cha.,13524.94,7846.299999999999,10000.0,0.1,1000.0,0.053060812997776756,18846.3,0.3226,'',,'',-0.4673854375694087,1529,335,,,2024-03-05 17:26:14.064,admin@gmail.com,
1722,0,0.0,0,0,10000.0,Class 4,false,3,4.0,BT,7490.0,-11000.0,10000.0,0.1,1000.0,0,0.0,0.15,'',,'',0.8664886515353805,1544,293,,,2024-03-05 17:26:14.090,admin@gmail.com,
1701,0,18.0,0,0,10000.0,Class 5 (6-7T),false,6,25.0,TCM,51515.15,30000.0,10000.0,0.1,1000.0,0.024390243902439025,41000.0,0.325,'',,'',0.18470585837370174,1546,274,,,2024-03-05 17:26:14.092,admin@gmail.com,
1702,0,18.0,0,0,10000.0,Class 5 (6-7T),false,6,20.0,Mitsubishi,50000.0,30000.0,10000.0,0.1,1000.0,0.024390243902439025,41000.0,0.1696,'',,'',0.16,1538,274,,,2024-03-05 17:26:14.092,admin@gmail.com,
1703,0,18.0,0,0,10000.0,Class 5 (6-7T),false,6,20.0,UniCarrier,50000.0,30000.0,10000.0,0.1,1000.0,0.024390243902439025,41000.0,0.1696,'',,'',0.16,1547,274,,,2024-03-05 17:26:14.092,admin@gmail.com,
1704,0,18.0,0,0,10000.0,Class 5 (6-7T),false,6,32.0,Linde,54545.45,30000.0,10000.0,0.1,1000.0,0.024390243902439025,41000.0,0.113,'',,'',0.22999993583332795,1539,274,,,2024-03-05 17:26:14.092,admin@gmail.com,
1705,0,18.0,0,0,10000.0,Class 5 (6-7T),true,6,17.0,Heli,40909.09,30000.0,10000.0,0.1,1000.0,0.024390243902439025,41000.0,0.212,'',,'',-0.026666689481482077,1531,274,,,2024-03-05 17:26:14.092,admin@gmail.com,
1706,0,18.0,0,0,10000.0,Class 5 (6-7T),false,6,18.0,HYG,41000.0,30000.0,10000.0,0.1,1000.0,0.024390243902439025,41000.0,0.0108,'',,'',-0.024390243902439025,1530,274,,,2024-03-05 17:26:14.092,admin@gmail.com,
1650,29,11.0,32,12,0.0,Class 5 (SN 2.5-3T),false,6,11.0,HYG,18723.72,18723.72,0.0,0.1,0.0,0.0,18723.72,0.1,'',SN,D871,0.0,1530,257,,,2024-03-05 17:26:14.100,admin@gmail.com,
1652,29,11.0,32,12,0.0,Class 5 (SN 2.5-3T),false,6,28.0,Jungheinrich(G),26642.34,18723.72,0.0,0.1,0.0,0.0,18723.72,0.21,'',SN,D871,0.297219388387056,1535,257,,,2024-03-05 17:26:14.100,admin@gmail.com,
1654,29,11.0,32,12,0.0,Class 5 (SN 2.5-3T),false,6,24.0,Toyota,25912.41,18723.72,0.0,0.1,0.0,0.0,18723.72,0.42,'',SN,D871,0.27742267122201286,1537,257,,,2024-03-05 17:26:14.100,admin@gmail.com,
1858,0,15.0,0,0,10000.0,Class 1 (Li-ion),true,1,2.0,Hangcha,14960.0,10237.400000000001,10000.0,0.1,1000.0,0.047086743198319944,21237.4,0.16,'',,'',-0.486457219251337,1529,326,,,2024-03-05 17:26:13.985,admin@gmail.com,
1693,0,22.0,0,0,10000.0,Class 5 (LPG),false,6,24.0,Crown,28079.05,10723.0,10000.0,0.1,1000.0,0.046034157344749804,21723.0,0.1571,'',,'',0.19074897476944552,1534,274,,,2024-03-05 17:26:14.006,admin@gmail.com,
1692,0,22.0,0,0,10000.0,Class 5 (LPG),false,6,22.0,HYG IRIS (Probable SOP),21723.0,10723.0,10000.0,0.1,1000.0,0.046034157344749804,21723.0,0.0157,'',,'',-0.046034157344749804,1530,274,,,2024-03-05 17:26:14.006,admin@gmail.com,
1622,9,38.0,9,7,0.0,Class 2 (Order Picker),false,2,28.0,Jungheinrich (G),37956.2,24313.87,0.0,0.1,0.0,0.0,24313.87,0.2,'',Greenville,H118,0.3594229664718807,1535,257,,,2024-03-05 17:26:14.008,admin@gmail.com,
1772,0,17.0,0,0,10000.0,Class 2 (MMRT 1.4 - 2.5T),false,2,18.0,Hyster,45357.14,20718.94,10000.0,0.1,1000.0,0.031526904745240544,31718.94,0.1485,'',,'',0.27863749786692904,1533,307,,,2024-03-05 17:26:14.060,admin@gmail.com,
1773,0,17.0,0,0,10000.0,Class 2 (MMRT 1.4 - 2.5T),false,2,38.0,Still,44700.0,20718.94,10000.0,0.1,1000.0,0.031526904745240544,31718.94,0.3465,'',,'',0.26803266219239374,1536,307,,,2024-03-05 17:26:14.060,admin@gmail.com,
1768,0,15.0,0,0,10000.0,Class 1 (Lead Acid),false,1,8.0,Crown,19479.21,8830.27,10000.0,0.1,1000.0,0.05042795685585723,19830.27,0.0769,'',,'',-0.06935907565039863,1534,307,,,2024-03-05 17:26:13.990,admin@gmail.com,
1769,0,15.0,0,0,10000.0,Class 1 (Lead Acid),false,1,20.0,Toyota,18327.07,8830.27,10000.0,0.1,1000.0,0.05042795685585723,19830.27,0.4077,'',,'',-0.13658484416767114,1537,307,,,2024-03-05 17:26:13.990,admin@gmail.com,
1770,0,15.0,0,0,10000.0,Class 1 (Lead Acid),false,1,20.0,Mitsubishi,17967.12,8830.27,10000.0,0.1,1000.0,0.05042795685585723,19830.27,0.1308,'',,'',-0.1593549773141161,1538,307,,,2024-03-05 17:26:13.990,admin@gmail.com,
1771,0,15.0,0,0,10000.0,Class 1 (Lead Acid),true,1,2.0,Heli,19781.68,8830.27,10000.0,0.1,1000.0,0.05042795685585723,19830.27,0.2308,'',,'',-0.05300813682154398,1531,307,,,2024-03-05 17:26:13.990,admin@gmail.com,
1613,16,40.0,17,11,3029.826331360948,Class 2 (VNA 1.3 - 2.5T),false,2,75.0,Crown,84558.82,109878.69103550295,3029.826331360948,0.1,302.9826331360964,0.0026762531468631405,113211.5,0.25,'',Masate,B464,-0.3424321984759968,1534,257,,,2024-03-05 17:26:14.001,admin@gmail.com,
1615,16,40.0,17,11,3029.826331360948,Class 2 (VNA 1.3 - 2.5T),false,2,48.0,Jungheinrich,85294.12,109878.69103550295,3029.826331360948,0.1,302.9826331360964,0.0026762531468631405,113211.5,0.6,'',Masate,B464,-0.3308594148475429,1535,257,,,2024-03-05 17:26:14.001,admin@gmail.com,
1617,16,40.0,17,11,3029.826331360948,Class 2 (VNA 1.3 - 2.5T),false,2,26.0,Linde,92279.41,109878.69103550295,3029.826331360948,0.1,302.9826331360964,0.0026762531468631405,113211.5,0.1,'',Masate,B464,-0.23011712616212102,1539,257,,,2024-03-05 17:26:14.001,admin@gmail.com,
1874,0,15.0,0,0,10000.0,Class 5 (3T Combined),false,6,24.0,Toyota (China),19580.0,10560.0,10000.0,0.1,1000.0,0.04638218923933209,21560.0,0.1584,'',,'',-0.15219611848825332,1537,326,,,2024-03-05 17:26:14.017,admin@gmail.com,
1745,0,18.0,0,0,10000.0,Class 5 (HYM 4-5T),false,6,24.0,Toyota,40035.1,25400.0,10000.0,0.1,1000.0,0.027472527472527472,36400.0,0.15,'',,'',0.06581974317536358,1537,293,,,2024-03-05 17:26:14.019,admin@gmail.com,
1746,0,18.0,0,0,10000.0,Class 5 (HYM 4-5T),false,6,20.0,CAT,36390.2,25400.0,10000.0,0.1,1000.0,0.027472527472527472,36400.0,0.05,'',,'',-0.027749229188078192,1549,293,,,2024-03-05 17:26:14.019,admin@gmail.com,
1604,122,49.0,130,4,1173.3847272727269,Class 2 (Pantograpgh 1.4 - 2.5T),false,2,62.0,Crown,38686.13,29541.3968,1173.3847272727269,0.1,117.33847272727508,0.0038057218487497803,30832.12,0.36,'',Greenville,E861,0.1999856674025736,1534,257,,,2024-03-05 17:26:13.976,admin@gmail.com,
1606,122,49.0,130,4,1173.3847272727269,Class 2 (Pantograpgh 1.4 - 2.5T),false,2,36.0,Raymond,38602.94,29541.3968,1173.3847272727269,0.1,117.33847272727508,0.0038057218487497803,30832.12,0.36,'',Greenville,E861,0.1982616227487525,1540,257,,,2024-03-05 17:26:13.976,admin@gmail.com,
1608,122,49.0,130,4,1173.3847272727269,Class 2 (Pantograpgh 1.4 - 2.5T),false,2,24.0,Mitsubishi/Nichiyu,39172.75,29541.3968,1173.3847272727269,0.1,117.33847272727508,0.0038057218487497803,30832.12,0.14,'',Greenville,E861,0.2099237742377731,1538,257,,,2024-03-05 17:26:13.976,admin@gmail.com,
1777,0,46.0,0,0,10000.0,Class 2 (Pantograpgh 1.4-2.5T),false,2,49.0,Yale,61135.37,54550.0,10000.0,0.1,1000.0,0.015255530129672006,65550.0,0.2247,'',,'',-0.08856787813666618,1532,307,,,2024-03-05 17:26:14.013,admin@gmail.com,
1778,0,46.0,0,0,10000.0,Class 2 (Pantograpgh 1.4-2.5T),false,2,46.0,Hyster,65550.0,54550.0,10000.0,0.1,1000.0,0.015255530129672006,65550.0,0.1685,'',,'',-0.015255530129672006,1533,307,,,2024-03-05 17:26:14.013,admin@gmail.com,
1779,0,46.0,0,0,10000.0,Class 2 (Pantograpgh 1.4-2.5T),false,2,75.0,Crown,58951.97,54550.0,10000.0,0.1,1000.0,0.015255530129672006,65550.0,0.4494,'',,'',-0.12888509069332202,1534,307,,,2024-03-05 17:26:14.013,admin@gmail.com,
1780,0,46.0,0,0,10000.0,Class 2 (Pantograpgh 1.4-2.5T),false,2,25.0,Raymond,62445.41,54550.0,10000.0,0.1,1000.0,0.015255530129672006,65550.0,0.1124,'',,'',-0.0657308519553318,1540,307,,,2024-03-05 17:26:14.013,admin@gmail.com,
1781,0,46.0,0,0,10000.0,Class 2 (Pantograpgh 1.4-2.5T),false,2,48.0,Mitsubishi/ CAT,58951.97,54550.0,10000.0,0.1,1000.0,0.015255530129672006,65550.0,0.0337,'',,'',-0.12888509069332202,1538,307,,,2024-03-05 17:26:14.013,admin@gmail.com,
1739,0,5.0,0,0,10000.0,Class 5 (SN 2.5T),false,6,5.0,HYG(LPG),36200.0,25200.0,10000.0,0.1,1000.0,0.027624309392265192,36200.0,0.11,'',,'',-0.027624309392265192,1530,293,,,2024-03-05 17:26:14.071,admin@gmail.com,
1751,0,37.0,0,0,10000.0,Class 5 (155FT),false,6,26.0,Toyota,64749.3,8593.0,10000.0,0.1,1000.0,0.05103863624763946,19593.0,0.3,'',,'',0.6819579516689755,1537,293,,,2024-03-05 17:26:14.083,admin@gmail.com,
1752,0,37.0,0,0,10000.0,Class 5 (155FT),false,6,37.0,HYG,19593.0,8593.0,10000.0,0.1,1000.0,0.05103863624763946,19593.0,0.12,'',,'',-0.05103863624763946,1530,293,,,2024-03-05 17:26:14.083,admin@gmail.com,
1753,0,37.0,0,0,10000.0,Class 5 (155FT),false,6,5.0,Linde,19593.0,8593.0,10000.0,0.1,1000.0,0.05103863624763946,19593.0,0.2,'',,'',-0.05103863624763946,1539,293,,,2024-03-05 17:26:14.083,admin@gmail.com,
1575,181,15.0,203,95,460.53064426924067,Li-ion,true,1,2.0,Heli,18505.21,20607.786291303833,460.5306442692406,0.1,46.05306442692381,0.0021811242498319303,21114.37,0.11,'',Maximal,A3C4,-0.1434846221375993,1531,247,,,2024-03-05 17:26:14.021,admin@gmail.com,
1754,0,18.0,0,0,10000.0,Class 2 (MMRT 1.4 - 2.5T),false,2,20.0,Mitsubishi,21000.0,28200.0,10000.0,0.1,1000.0,0.025510204081632654,39200.0,0.02,'',,'',-0.9142857142857143,1538,293,,,2024-03-05 17:26:14.038,admin@gmail.com,
1755,0,18.0,0,0,10000.0,Class 2 (MMRT 1.4 - 2.5T),false,2,4.0,Enforcer,22925.0,28200.0,10000.0,0.1,1000.0,0.025510204081632654,39200.0,0.02,'',,'',-0.7535441657579062,1548,293,,,2024-03-05 17:26:14.038,admin@gmail.com,
1756,0,18.0,0,0,10000.0,Class 2 (MMRT 1.4 - 2.5T),false,2,9.0,CAT,25149.6,28200.0,10000.0,0.1,1000.0,0.025510204081632654,39200.0,0.01,'',,'',-0.5984349651684322,1549,293,,,2024-03-05 17:26:14.038,admin@gmail.com,
1757,0,18.0,0,0,10000.0,Class 2 (MMRT 1.4 - 2.5T),false,2,18.0,HYG,39200.0,28200.0,10000.0,0.1,1000.0,0.025510204081632654,39200.0,0.053,'',,'',-0.025510204081632654,1530,293,,,2024-03-05 17:26:14.038,admin@gmail.com,
1848,69,15.0,77,57,549.126159645234,Class 1 (Lead Acid),false,1,24.0,Toyota,21237.4,23111.96122439024,549.126159645234,0.1,54.912615964523866,0.002315424859357559,23716.0,0.53,'',Maximal,A7S4,-0.11929485793762523,1537,326,,,2024-03-05 17:26:14.067,admin@gmail.com,
1850,69,15.0,77,57,549.126159645234,Class 1 (Lead Acid),false,1,20.0,Nichiyu,19800.0,23111.96122439024,549.126159645234,0.1,54.912615964523866,0.002315424859357559,23716.0,0.2,'',Maximal,A7S4,-0.2005511422204305,1553,326,,,2024-03-05 17:26:14.067,admin@gmail.com,
1852,69,15.0,77,57,549.126159645234,Class 1 (Lead Acid),false,1,20.0,Unicarrier,20460.0,23111.96122439024,549.126159645234,0.1,54.912615964523866,0.002315424859357559,23716.0,0.15,'',Maximal,A7S4,-0.16182368601977146,1547,326,,,2024-03-05 17:26:14.067,admin@gmail.com,
1671,0,15.0,0,0,10000.0,Class 2 (SNRT 1.8T),false,2,17.0,Sumitomo,21420.29,9448.400000000001,10000.0,0.1,1000.0,0.04890358169832358,20448.4,0.39,'',,'',-0.001312307162974945,1541,274,,,2024-03-05 17:26:14.085,admin@gmail.com,
1672,0,15.0,0,0,10000.0,Class 2 (SNRT 1.8T),false,2,25.0,BT,31818.18,9448.400000000001,10000.0,0.1,1000.0,0.04890358169832358,20448.4,0.59,'',,'',0.3259073900518508,1544,274,,,2024-03-05 17:26:14.085,admin@gmail.com,
1847,181,15.0,203,95,460.53064426924067,Class 1 (Lead Acid),false,1,24.0,Toyota,21237.4,23209.416291303834,460.5306442692406,0.1,46.05306442692381,0.0019418563175461212,23716.0,0.53,'',Maximal,A3C4,-0.11887769050952199,1537,326,,,2024-03-05 17:26:13.961,admin@gmail.com,
1851,181,15.0,203,95,460.53064426924067,Class 1 (Lead Acid),false,1,20.0,Unicarrier,20460.0,23209.416291303834,460.5306442692406,0.1,46.05306442692381,0.0019418563175461212,23716.0,0.15,'',Maximal,A3C4,-0.16139066786055345,1547,326,,,2024-03-05 17:26:13.961,admin@gmail.com,
1853,181,15.0,203,95,460.53064426924067,Class 1 (Lead Acid),false,1,44.0,Jungheinrich,21219.0,23209.416291303834,460.5306442692406,0.1,46.05306442692381,0.0019418563175461212,23716.0,0.11,'',Maximal,A3C4,-0.11984792235387737,1535,326,,,2024-03-05 17:26:13.961,admin@gmail.com,
1577,9,38.0,9,7,0.0,Order Picker,false,2,38.0,Yale,42323.65,42323.65,0.0,0.1,0.0,0.0,42323.65,0.12,OS030BF,Greenville,H118,0.0,1532,247,,,2024-03-05 17:26:13.974,admin@gmail.com,
1595,57,17.0,61,18,946.4555357142857,Class 2 (MMRT 1.4 - 2.5T),false,2,18.0,HYG,39157.33,32242.628910714287,946.4555357142857,0.1,94.64555357142672,0.0028435981655729903,33283.73,0.01,'',Masate,D435,0.1475829543645742,1530,257,,,2024-03-05 17:26:14.027,admin@gmail.com,
1596,57,17.0,61,18,946.4555357142857,Class 2 (MMRT 1.4 - 2.5T),false,2,28.0,Linde,27573.53,32242.628910714287,946.4555357142857,0.1,94.64555357142672,0.0028435981655729903,33283.73,0.22,'',Masate,D435,-0.21052239425171282,1539,257,,,2024-03-05 17:26:14.027,admin@gmail.com,
1597,57,17.0,61,18,946.4555357142857,Class 2 (MMRT 1.4 - 2.5T),false,2,28.0,Jungheinrich (China),27858.88,32242.628910714287,946.4555357142857,0.1,94.64555357142672,0.0028435981655729903,33283.73,0.5,'',Masate,D435,-0.19812338304954932,1535,257,,,2024-03-05 17:26:14.027,admin@gmail.com,
1598,57,17.0,61,18,946.4555357142857,Class 2 (MMRT 1.4 - 2.5T),false,2,62.0,Crown,38686.13,32242.628910714287,946.4555357142857,0.1,94.64555357142672,0.0028435981655729903,33283.73,0.06,'',Masate,D435,0.1372004500431697,1534,257,,,2024-03-05 17:26:14.027,admin@gmail.com,
1599,57,17.0,61,18,946.4555357142857,Class 2 (MMRT 1.4 - 2.5T),false,2,58.0,Still,32481.75,32242.628910714287,946.4555357142857,0.1,94.64555357142672,0.0028435981655729903,33283.73,0.2,'',Masate,D435,-0.027603979267478814,1536,257,,,2024-03-05 17:26:14.027,admin@gmail.com,
1600,57,17.0,61,18,946.4555357142857,Class 2 (MMRT 1.4 - 2.5T),false,2,17.0,HYG (HYM),33283.73,32242.628910714287,946.4555357142857,0.1,94.64555357142672,0.0028435981655729903,33283.73,0.01,'',Masate,D435,-0.0028435981655729903,1530,257,,,2024-03-05 17:26:14.027,admin@gmail.com,
1589,47,62.0,49,22,682.075,Lead Acid,false,1,28.0,Jungheinrich (Germany),37043.8,27291.8675,682.075,0.1,68.20750000000044,0.0024323206316206295,28042.15,0.2,'',Greenville,A268,0.24115891188269023,1535,257,,,2024-03-05 17:26:14.075,admin@gmail.com,
1590,47,62.0,49,22,682.075,Lead Acid,false,1,28.0,Jungheinrich (China),20437.96,27291.8675,682.075,0.1,68.20750000000044,0.0024323206316206295,28042.15,0.2,'',Greenville,A268,-0.3753993793901154,1535,257,,,2024-03-05 17:26:14.075,admin@gmail.com,
1591,47,62.0,49,22,682.075,Lead Acid,false,1,58.0,Still,32116.79,27291.8675,682.075,0.1,68.20750000000044,0.0024323206316206295,28042.15,0.06,'',Greenville,A268,0.12474573268374575,1536,257,,,2024-03-05 17:26:14.075,admin@gmail.com,
1560,69,15.0,77,57,549.126159645234,Lead Acid,false,1,12.0,Doosan/Hyundai,14078.13,18478.19122439024,549.126159645234,0.1,54.912615964523866,0.0028776833716250075,19082.23,0.28,'',Maximal,A7S4,-0.35935259981009726,1528,247,,,2024-03-05 17:26:14.079,admin@gmail.com,
1568,69,15.0,77,57,549.126159645234,Li-ion,false,1,12.0,Clark,13635.42,20510.33122439024,549.126159645234,0.1,54.912615964523866,0.002600722444691642,21114.37,0.44,'',Maximal,A7S4,-0.55252149299138,1527,247,,,2024-03-05 17:26:14.098,admin@gmail.com,
1570,69,15.0,77,57,549.126159645234,Li-ion,false,1,12.0,Doosan/Hyundai,16557.29,20510.33122439024,549.126159645234,0.1,54.912615964523866,0.002600722444691642,21114.37,0.28,'',Maximal,A7S4,-0.27854755313004254,1528,247,,,2024-03-05 17:26:14.098,admin@gmail.com,
1859,0,15.0,0,0,10000.0,Class 1 (Li-ion),false,1,44.0,Jungheinrich,24750.0,10237.400000000001,10000.0,0.1,1000.0,0.047086743198319944,21237.4,0.09,'',,'',0.10151919191919186,1535,326,,,2024-03-05 17:26:13.985,admin@gmail.com,
1863,0,15.0,0,0,10000.0,Class 1 (Li-ion),false,1,20.0,Mistsubish (China),23837.9,10237.400000000001,10000.0,0.1,1000.0,0.047086743198319944,21237.4,0.01,'',,'',0.06714098137839322,1538,326,,,2024-03-05 17:26:13.985,admin@gmail.com,
1856,69,15.0,77,57,549.126159645234,Class 1 (Lead Acid),false,1,15.0,HYG (HYM),23716.0,23111.96122439024,549.126159645234,0.1,54.912615964523866,0.002315424859357559,23716.0,0.01,'',Maximal,A7S4,-0.002315424859357559,1530,326,,,2024-03-05 17:26:14.067,admin@gmail.com,
1592,92,12.0,95,39,796.3985066258932,Lead Acid,false,1,12.0,HYG,27436.5,26560.461642711518,796.3985066258932,0.1,79.63985066258829,0.002902697161175379,27436.5,0.04,'',SN,C225,-0.002902697161175379,1530,257,,,2024-03-05 17:26:14.087,admin@gmail.com,
1593,92,12.0,95,39,796.3985066258932,Lead Acid,false,1,24.0,Toyota,29197.08,26560.461642711518,796.3985066258932,0.1,79.63985066258829,0.002902697161175379,27436.5,0.6,'',SN,C225,0.057572200690528416,1537,257,,,2024-03-05 17:26:14.087,admin@gmail.com,
1594,92,12.0,95,39,796.3985066258932,Lead Acid,false,1,24.0,Mitsubishi/Nichiyu,27737.23,26560.461642711518,796.3985066258932,0.1,79.63985066258829,0.002902697161175379,27436.5,0.26,'',SN,C225,0.007970880630020058,1538,257,,,2024-03-05 17:26:14.087,admin@gmail.com,
1829,0,15.0,0,0,10000.0,Class 5 (3T),false,6,15.0,Yale,16467.53,5467.529999999999,10000.0,0.1,1000.0,0.0607255611497292,16467.53,0.01,HYM 3T,,'',-0.0607255611497292,1532,315,,,2024-03-05 17:26:13.966,admin@gmail.com,
1830,0,15.0,0,0,10000.0,Class 5 (3T),false,6,20.0,Caterpillar,16480.0,5467.529999999999,10000.0,0.1,1000.0,0.0607255611497292,16467.53,0.0,HYM 3T,,'',-0.05992293689320381,1555,315,,,2024-03-05 17:26:13.966,admin@gmail.com,
1835,0,11.0,0,0,10000.0,Class 5 (3.5T),false,6,11.0,Hyster,22898.22,11898.220000000001,10000.0,0.1,1000.0,0.04367151682532529,22898.22,0.26,SN 3.5T,,'',-0.04367151682532529,1533,315,,,2024-03-05 17:26:13.971,admin@gmail.com,
1802,0,15.0,0,0,10000.0,Class 1(Li-ion with Battery) HYM (2.5T-3T),false,1,24.0,Toyota,38523.6,25863.1,10000.0,0.1,1000.0,0.027127398401111138,36863.1,0.4,'',,'',0.01714533428859193,1537,315,,,2024-03-05 17:26:14.023,admin@gmail.com,
1806,0,15.0,0,0,10000.0,Class 1(Li-ion with Battery) HYM (2.5T-3T),false,1,17.0,Linde,23757.2,25863.1,10000.0,0.1,1000.0,0.027127398401111138,36863.1,0.07,'',,'',-0.593752630781405,1539,315,,,2024-03-05 17:26:14.023,admin@gmail.com,
1807,0,15.0,0,0,10000.0,Class 1(Li-ion with Battery) HYM (2.5T-3T),false,1,8.0,Jungheinrich,21667.8,25863.1,10000.0,0.1,1000.0,0.027127398401111138,36863.1,0.04,'',,'',-0.747436287948015,1535,315,,,2024-03-05 17:26:14.023,admin@gmail.com,
1758,0,18.0,0,0,10000.0,Class 2 (MMRT 1.4 - 2.5T),false,2,5.0,Toyota,19593.0,28200.0,10000.0,0.1,1000.0,0.025510204081632654,39200.0,0.3,'',,'',-1.0517531771551065,1537,293,,,2024-03-05 17:26:14.038,admin@gmail.com,
1558,69,15.0,77,57,549.126159645234,Lead Acid,false,1,12.0,Clark,11593.75,18478.19122439024,549.126159645234,0.1,54.912615964523866,0.0028776833716250075,19082.23,0.44,'',Maximal,A7S4,-0.6506430288702554,1527,247,,,2024-03-05 17:26:14.079,admin@gmail.com,
1877,0,15.0,0,0,10000.0,Class 5 (3T Combined),false,6,15.0,HYG (China),21560.0,10560.0,10000.0,0.1,1000.0,0.04638218923933209,21560.0,0.0099,'',,'',-0.04638218923933209,1530,326,,,2024-03-05 17:26:14.017,admin@gmail.com,
1878,0,15.0,0,0,10000.0,Class 5 (3T Combined),false,6,22.0,Others (China),16500.0,10560.0,10000.0,0.1,1000.0,0.04638218923933209,21560.0,0.2277,'',,'',-0.36727272727272725,1550,326,,,2024-03-05 17:26:14.017,admin@gmail.com,
1855,181,15.0,203,95,460.53064426924067,Class 1 (Lead Acid),false,1,15.0,HYG (HYM),23716.0,23209.416291303834,460.5306442692406,0.1,46.05306442692381,0.0019418563175461212,23716.0,0.01,'',Maximal,A3C4,-0.0019418563175461212,1530,326,,,2024-03-05 17:26:13.961,admin@gmail.com,
1930,0,40.0,0,0,10000.0,Class 2 (VNA 1.3 - 1.5T),false,2,38.0,Still,125371.18,131794.76,10000.0,0.1,1000.0,0.007003058095409103,142794.76,0.1042,'',,'',-0.14695227403937666,1536,335,,,2024-03-05 17:26:14.011,admin@gmail.com,
1931,0,40.0,0,0,10000.0,Class 2 (VNA 1.3 - 1.5T),false,2,40.0,Hyster,138510.92,131794.76,10000.0,0.1,1000.0,0.007003058095409103,142794.76,0.0208,'',,'',-0.03814746158642218,1533,335,,,2024-03-05 17:26:14.011,admin@gmail.com,
1932,0,40.0,0,0,10000.0,Class 2 (VNA 1.3 - 1.5T),false,2,40.0,Yale,142794.76,131794.76,10000.0,0.1,1000.0,0.007003058095409103,142794.76,0.0313,'',,'',-0.007003058095409103,1532,335,,,2024-03-05 17:26:14.011,admin@gmail.com,
1893,0,46.0,0,0,10000.0,Class 2 (Pantograph 1.4-2.5T),false,2,46.0,Hyster,60339.86,49339.86,10000.0,0.1,1000.0,0.016572792843735466,60339.86,0.012,'',,'',-0.016572792843735466,1533,326,,,2024-03-05 17:26:14.044,admin@gmail.com,
1881,0,24.0,0,0,10000.0,Class 5 (5T Combined),false,6,20.0,Unicarrier (TCM),30800.0,21000.0,10000.0,0.1,1000.0,0.03125,32000.0,0.4469,'',,'',-0.07142857142857142,1547,326,,,2024-03-05 17:26:14.077,admin@gmail.com,
1882,0,24.0,0,0,10000.0,Class 5 (5T Combined),false,6,20.0,Mitsubishi,31020.0,21000.0,10000.0,0.1,1000.0,0.03125,32000.0,0.149,'',,'',-0.06382978723404255,1538,326,,,2024-03-05 17:26:14.077,admin@gmail.com,
1883,0,24.0,0,0,10000.0,Class 5 (5T Combined),false,6,24.0,Toyota M.I.J,34100.0,21000.0,10000.0,0.1,1000.0,0.03125,32000.0,0.2979,'',,'',0.03225806451612903,1537,326,,,2024-03-05 17:26:14.077,admin@gmail.com,
1843,0,15.0,0,0,10000.0,Class 2 (SNRT),false,2,20.0,KOMATSU FORKLIFT.,16947.32,9274.869999999999,10000.0,0.1,1000.0,0.04932214115306288,20274.87,0.0536,SN Reach (1.4 - 2.5T),,'',-0.25535305877271447,1552,315,,,2024-03-05 17:26:14.058,admin@gmail.com,
1844,0,15.0,0,0,10000.0,Class 2 (SNRT),false,2,16.0,Sumitomo (Japan),17798.55,9274.869999999999,10000.0,0.1,1000.0,0.04932214115306288,20274.87,0.0774,SN Reach (1.4 - 2.5T),,'',-0.1953147868787064,1541,315,,,2024-03-05 17:26:14.058,admin@gmail.com,
1845,0,15.0,0,0,10000.0,Class 2 (SNRT),false,2,15.0,Hyster,20739.18,9274.869999999999,10000.0,0.1,1000.0,0.04932214115306288,20274.87,0.0238,SN Reach (1.4 - 2.5T),,'',-0.025829854410830067,1533,315,,,2024-03-05 17:26:14.058,admin@gmail.com,
1846,0,15.0,0,0,10000.0,Class 2 (SNRT),false,2,15.0,Yale,20274.87,9274.869999999999,10000.0,0.1,1000.0,0.04932214115306288,20274.87,0.0298,SN Reach (1.4 - 2.5T),,'',-0.04932214115306288,1532,315,,,2024-03-05 17:26:14.058,admin@gmail.com,
1774,0,17.0,0,0,10000.0,Class 2 (MMRT 1.4 - 2.5T),false,2,28.0,Jungheinrich,45700.0,20718.94,10000.0,0.1,1000.0,0.031526904745240544,31718.94,0.198,'',,'',0.28404945295404815,1535,307,,,2024-03-05 17:26:14.060,admin@gmail.com,
1775,0,17.0,0,0,10000.0,Class 2 (MMRT 1.4 - 2.5T),false,2,28.0,Linde,51750.0,20718.94,10000.0,0.1,1000.0,0.031526904745240544,31718.94,0.099,'',,'',0.3677499516908213,1539,307,,,2024-03-05 17:26:14.060,admin@gmail.com,
1776,0,17.0,0,0,10000.0,Class 2 (MMRT 1.4 - 2.5T),false,2,17.0,HYG (China),31718.94,20718.94,10000.0,0.1,1000.0,0.031526904745240544,31718.94,0.0099,'',,'',-0.031526904745240544,1530,307,,,2024-03-05 17:26:14.060,admin@gmail.com,
1854,69,15.0,77,57,549.126159645234,Class 1 (Lead Acid),false,1,44.0,Jungheinrich,21219.0,23111.96122439024,549.126159645234,0.1,54.912615964523866,0.002315424859357559,23716.0,0.11,'',Maximal,A7S4,-0.12026545152761789,1535,326,,,2024-03-05 17:26:14.067,admin@gmail.com,
