'order_no','aopmargin_percentage','booking_margin_percentage_after_sur_charge','ctry_code','date','dealer_name','dealer_net','dealer_net_after_sur_charge','margin_after_sur_charge','margin_percentage_after_sur_charge','netrevenue','quantity','serial_number','series','total_cost','currency','product_dimension','region','model'
H03883,0.26361771964088454,0.266,AU,2023-05-31,ADAPT-A-LIFT GROUP,8985.599999999999,8985.599999999999,5070.939999999999,0.5643407229344729,5921.200000000001,1,A7R0H01601X,A7R0,3914.66,AUD,MP20KUX,2,
H03884,0.26361771964088454,0.266,AU,2023-05-31,ADAPT-A-LIFT GROUP,8985.599999999999,8985.599999999999,5070.739999999998,0.564318465099715,5921.200000000001,1,A7R0H01602X,A7R0,3914.86,AUD,MP20KUX,2,
H20505,0.2219394896005153,0.15255944319130132,TW,2023-05-31,TA YIH MATERIALS H,1539.4,1539.4,1008.6700000000002,0.6552358061582435,769.7,1,A3D4M08785X,A3D4,530.7299999999999,USD,MPC15,1,
H20506,0.2219394896005153,0.15255944319130132,TW,2023-05-31,TA YIH MATERIALS H,769.7,769.7,239.7700000000001,0.31151097830323515,769.7,1,A3D4M08786X,A3D4,529.93,USD,MPC15,1,
H20507,0.2219394896005153,0.15255944319130132,TW,2023-05-31,TA YIH MATERIALS H,769.7,769.7,239.7700000000001,0.31151097830323515,769.7,1,A3D4M08787X,A3D4,529.93,USD,MPC15,1,
H20508,0.2219394896005153,0.15255944319130132,TW,2023-05-31,TA YIH MATERIALS H,769.7,769.7,239.7700000000001,0.31151097830323515,769.7,1,A3D4M08788X,A3D4,529.93,USD,MPC15,1,
H20509,0.2219394896005153,0.15255944319130132,TW,2023-05-31,TA YIH MATERIALS H,769.7,769.7,239.7700000000001,0.31151097830323515,769.7,1,A3D4M08789X,A3D4,529.93,USD,MPC15,1,
H20510,0.2219394896005153,0.15255944319130132,TW,2023-05-31,TA YIH MATERIALS H,769.7,769.7,239.7700000000001,0.31151097830323515,769.7,1,A3D4M08790X,A3D4,529.93,USD,MPC15,1,
H20511,0.2219394896005153,0.15255944319130132,TW,2023-05-31,TA YIH MATERIALS H,769.7,769.7,239.7700000000001,0.31151097830323515,769.7,1,A3D4M08791X,A3D4,529.93,USD,MPC15,1,
H20512,0.2219394896005153,0.15255944319130132,TW,2023-05-31,TA YIH MATERIALS H,769.7,769.7,239.7700000000001,0.31151097830323515,769.7,1,A3D4M08792X,A3D4,529.93,USD,MPC15,1,
H20513,0.2219394896005153,0.15255944319130132,TW,2023-05-31,TA YIH MATERIALS H,769.7,769.7,239.7700000000001,0.31151097830323515,769.7,1,A3D4M08793X,A3D4,529.93,USD,MPC15,1,
H20514,0.2219394896005153,0.15255944319130132,TW,2023-05-31,TA YIH MATERIALS H,769.7,769.7,239.7700000000001,0.31151097830323515,769.7,1,A3D4M08794X,A3D4,529.93,USD,MPC15,1,
H20515,0.2219394896005153,0.15255944319130132,TW,2023-05-31,TA YIH MATERIALS H,769.7,769.7,239.7700000000001,0.31151097830323515,769.7,1,A3D4M08795X,A3D4,529.93,USD,MPC15,1,
H20516,0.2219394896005153,0.15255944319130132,TW,2023-05-31,TA YIH MATERIALS H,769.7,769.7,239.7700000000001,0.31151097830323515,769.7,1,A3D4M08796X,A3D4,529.93,USD,MPC15,1,
H20517,0.2219394896005153,0.15255944319130132,TW,2023-05-31,TA YIH MATERIALS H,769.7,769.7,238.79000000000008,0.3102377549694687,769.7,1,A3D4M08797X,A3D4,530.91,USD,MPC15,1,
H20518,0.2219394896005153,0.15255944319130132,TW,2023-05-31,TA YIH MATERIALS H,769.7,769.7,238.79000000000008,0.3102377549694687,769.7,1,A3D4M08798X,A3D4,530.91,USD,MPC15,1,
H20519,0.2219394896005153,0.15255944319130132,TW,2023-05-31,TA YIH MATERIALS H,769.7,769.7,238.79000000000008,0.3102377549694687,769.7,1,A3D4M08799X,A3D4,530.91,USD,MPC15,1,
H20520,0.2219394896005153,0.15255944319130132,TW,2023-05-31,TA YIH MATERIALS H,769.7,769.7,238.79000000000008,0.3102377549694687,769.7,1,A3D4M08800X,A3D4,530.91,USD,MPC15,1,
H20521,0.2219394896005153,0.15255944319130132,TW,2023-05-31,TA YIH MATERIALS H,769.7,769.7,238.79000000000008,0.3102377549694687,769.7,1,A3D4M08801X,A3D4,530.91,USD,MPC15,1,
H20522,0.2219394896005153,0.15255944319130132,TW,2023-05-31,TA YIH MATERIALS H,769.7,769.7,238.79000000000008,0.3102377549694687,769.7,1,A3D4M08802X,A3D4,530.91,USD,MPC15,1,
H20523,0.2219394896005153,0.15255944319130132,TW,2023-05-31,TA YIH MATERIALS H,769.7,769.7,238.79000000000008,0.3102377549694687,769.7,1,A3D4M08803X,A3D4,530.91,USD,MPC15,1,
H20524,0.2219394896005153,0.15255944319130132,TW,2023-05-31,TA YIH MATERIALS H,769.7,769.7,238.79000000000008,0.3102377549694687,769.7,1,A3D4M08804X,A3D4,530.91,USD,MPC15,1,
H20525,0.2219394896005153,0.15255944319130132,TW,2023-05-31,TA YIH MATERIALS H,769.7,769.7,238.79000000000008,0.3102377549694687,769.7,1,A3D4M08805X,A3D4,530.91,USD,MPC15,1,
H20526,0.2219394896005153,0.15255944319130132,TW,2023-05-31,TA YIH MATERIALS H,769.7,769.7,238.79000000000008,0.3102377549694687,769.7,1,A3D4M08806X,A3D4,530.91,USD,MPC15,1,
H20527,0.2219394896005153,0.15255944319130132,TW,2023-05-31,TA YIH MATERIALS H,769.7,769.7,238.79000000000008,0.3102377549694687,769.7,1,A3D4M08807X,A3D4,530.91,USD,MPC15,1,
H20528,0.2219394896005153,0.15255944319130132,TW,2023-05-31,TA YIH MATERIALS H,769.7,769.7,238.79000000000008,0.3102377549694687,769.7,1,A3D4M08808X,A3D4,530.91,USD,MPC15,1,
H20529,0.2219394896005153,0.15255944319130132,TW,2023-05-31,TA YIH MATERIALS H,769.7,769.7,238.79000000000008,0.3102377549694687,769.7,1,A3D4M08809X,A3D4,530.91,USD,MPC15,1,
H20530,0.2219394896005153,0.15255944319130132,TW,2023-05-31,TA YIH MATERIALS H,769.7,769.7,238.79000000000008,0.3102377549694687,769.7,1,A3D4M08810X,A3D4,530.91,USD,MPC15,1,
H20531,0.2219394896005153,0.15255944319130132,TW,2023-05-31,TA YIH MATERIALS H,769.7,769.7,238.79000000000008,0.3102377549694687,769.7,1,A3D4M08811X,A3D4,530.91,USD,MPC15,1,
H20532,0.2219394896005153,0.15255944319130132,TW,2023-05-31,TA YIH MATERIALS H,769.7,769.7,238.79000000000008,0.3102377549694687,769.7,1,A3D4M08812X,A3D4,530.91,USD,MPC15,1,
H20533,0.2219394896005153,0.15255944319130132,TW,2023-05-31,TA YIH MATERIALS H,769.7,769.7,238.79000000000008,0.3102377549694687,769.7,1,A3D4M08813X,A3D4,530.91,USD,MPC15,1,
H20534,0.2219394896005153,0.15255944319130132,TW,2023-05-31,TA YIH MATERIALS H,769.7,769.7,238.79000000000008,0.3102377549694687,769.7,1,A3D4M08814X,A3D4,530.91,USD,MPC15,1,
H20536,0.2219394896005153,0.15255944319130132,TW,2023-05-31,TA YIH MATERIALS H,1539.4,1539.4,1008.4900000000001,0.6551188774847344,769.7,1,A3D4M08815X,A3D4,530.91,USD,MPC15,1,
H20537,0.2219394896005153,0.15255944319130132,TW,2023-05-31,TA YIH MATERIALS H,769.7,769.7,238.79000000000008,0.3102377549694687,769.7,1,A3D4M08816X,A3D4,530.91,USD,MPC15,1,
H20538,0.2219394896005153,0.15255944319130132,TW,2023-05-31,TA YIH MATERIALS H,769.7,769.7,238.79000000000008,0.3102377549694687,769.7,1,A3D4M08817X,A3D4,530.91,USD,MPC15,1,
H20539,0.2219394896005153,0.15255944319130132,TW,2023-05-31,TA YIH MATERIALS H,769.7,769.7,238.79000000000008,0.3102377549694687,769.7,1,A3D4M08818X,A3D4,530.91,USD,MPC15,1,
H20540,0.2219394896005153,0.15255944319130132,TW,2023-05-31,TA YIH MATERIALS H,769.7,769.7,238.79000000000008,0.3102377549694687,769.7,1,A3D4M08819X,A3D4,530.91,USD,MPC15,1,
H20541,0.2219394896005153,0.15255944319130132,TW,2023-05-31,TA YIH MATERIALS H,769.7,769.7,238.79000000000008,0.3102377549694687,769.7,1,A3D4M08820X,A3D4,530.91,USD,MPC15,1,
H20542,0.2219394896005153,0.15255944319130132,TW,2023-05-31,TA YIH MATERIALS H,769.7,769.7,238.79000000000008,0.3102377549694687,769.7,1,A3D4M08821X,A3D4,530.91,USD,MPC15,1,
H20543,0.2219394896005153,0.15255944319130132,TW,2023-05-31,TA YIH MATERIALS H,769.7,769.7,238.79000000000008,0.3102377549694687,769.7,1,A3D4M08822X,A3D4,530.91,USD,MPC15,1,
H20544,0.2219394896005153,0.15255944319130132,TW,2023-05-31,TA YIH MATERIALS H,769.7,769.7,238.79000000000008,0.3102377549694687,769.7,1,A3D4M08823X,A3D4,530.91,USD,MPC15,1,
H20545,0.2219394896005153,0.15255944319130132,TW,2023-05-31,TA YIH MATERIALS H,769.7,769.7,238.79000000000008,0.3102377549694687,769.7,1,A3D4M08824X,A3D4,530.91,USD,MPC15,1,
H20546,0.2219394896005153,0.15255944319130132,TW,2023-05-31,TA YIH MATERIALS H,769.7,769.7,238.79000000000008,0.3102377549694687,769.7,1,A3D4M08825X,A3D4,530.91,USD,MPC15,1,
H20547,0.2219394896005153,0.15255944319130132,TW,2023-05-31,TA YIH MATERIALS H,769.7,769.7,238.79000000000008,0.3102377549694687,769.7,1,A3D4M08826X,A3D4,530.91,USD,MPC15,1,
H20548,0.2219394896005153,0.15255944319130132,TW,2023-05-31,TA YIH MATERIALS H,769.7,769.7,238.79000000000008,0.3102377549694687,769.7,1,A3D4M08827X,A3D4,530.91,USD,MPC15,1,
H20549,0.2219394896005153,0.15255944319130132,TW,2023-05-31,TA YIH MATERIALS H,769.7,769.7,238.79000000000008,0.3102377549694687,769.7,1,A3D4M08828X,A3D4,530.91,USD,MPC15,1,
H20550,0.2219394896005153,0.15255944319130132,TW,2023-05-31,TA YIH MATERIALS H,769.7,769.7,238.79000000000008,0.3102377549694687,769.7,1,A3D4M08829X,A3D4,530.91,USD,MPC15,1,
H20551,0.2219394896005153,0.15255944319130132,TW,2023-05-31,TA YIH MATERIALS H,769.7,769.7,238.79000000000008,0.3102377549694687,769.7,1,A3D4M08830X,A3D4,530.91,USD,MPC15,1,
H20552,0.2219394896005153,0.15255944319130132,TW,2023-05-31,TA YIH MATERIALS H,769.7,769.7,238.79000000000008,0.3102377549694687,769.7,1,A3D4M08831X,A3D4,530.91,USD,MPC15,1,
H20553,0.2219394896005153,0.15255944319130132,TW,2023-05-31,TA YIH MATERIALS H,769.7,769.7,238.79000000000008,0.3102377549694687,769.7,1,A3D4M08832X,A3D4,530.91,USD,MPC15,1,
H20554,0.2219394896005153,0.15255944319130132,TW,2023-05-31,TA YIH MATERIALS H,769.7,769.7,238.79000000000008,0.3102377549694687,769.7,1,A3D4M08833X,A3D4,530.91,USD,MPC15,1,
H20555,0.2219394896005153,0.15255944319130132,TW,2023-05-31,TA YIH MATERIALS H,769.7,769.7,238.79000000000008,0.3102377549694687,769.7,1,A3D4M08834X,A3D4,530.91,USD,MPC15,1,
H20556,0.2219394896005153,0.15255944319130132,TW,2023-05-31,TA YIH MATERIALS H,769.7,769.7,238.79000000000008,0.3102377549694687,769.7,1,A3D4M08835X,A3D4,530.91,USD,MPC15,1,
H20557,0.2219394896005153,0.15255944319130132,TW,2023-05-31,TA YIH MATERIALS H,769.7,769.7,238.79000000000008,0.3102377549694687,769.7,1,A3D4M08836X,A3D4,530.91,USD,MPC15,1,
H20558,0.2219394896005153,0.15255944319130132,TW,2023-05-31,TA YIH MATERIALS H,769.7,769.7,238.79000000000008,0.3102377549694687,769.7,1,A3D4M08837X,A3D4,530.91,USD,MPC15,1,
H20559,0.2219394896005153,0.15255944319130132,TW,2023-05-31,TA YIH MATERIALS H,769.7,769.7,238.79000000000008,0.3102377549694687,769.7,1,A3D4M08838X,A3D4,530.91,USD,MPC15,1,
H20560,0.2219394896005153,0.15255944319130132,TW,2023-05-31,TA YIH MATERIALS H,769.7,769.7,238.79000000000008,0.3102377549694687,769.7,1,A3D4M08839X,A3D4,530.91,USD,MPC15,1,
H20561,0.2219394896005153,0.15255944319130132,TW,2023-05-31,TA YIH MATERIALS H,769.7,769.7,238.79000000000008,0.3102377549694687,769.7,1,A3D4M08840X,A3D4,530.91,USD,MPC15,1,
H20562,0.2219394896005153,0.15255944319130132,TW,2023-05-31,TA YIH MATERIALS H,769.7,769.7,238.79000000000008,0.3102377549694687,769.7,1,A3D4M08841X,A3D4,530.91,USD,MPC15,1,
H20563,0.2219394896005153,0.15255944319130132,TW,2023-05-31,TA YIH MATERIALS H,769.7,769.7,238.79000000000008,0.3102377549694687,769.7,1,A3D4M08842X,A3D4,530.91,USD,MPC15,1,
H20564,0.2219394896005153,0.15255944319130132,TW,2023-05-31,TA YIH MATERIALS H,769.7,769.7,238.79000000000008,0.3102377549694687,769.7,1,A3D4M08843X,A3D4,530.91,USD,MPC15,1,
H20565,0.2219394896005153,0.15255944319130132,TW,2023-05-31,TA YIH MATERIALS H,769.7,769.7,238.79000000000008,0.3102377549694687,769.7,1,A3D4M08844X,A3D4,530.91,USD,MPC15,1,
H22585,0.2219394896005153,0.15255944319130132,TW,2023-05-31,TA YIH MATERIALS H,769.7,769.7,238.79000000000008,0.3102377549694687,769.7,1,A3D4M08845X,A3D4,530.91,USD,MPC15,1,
H22586,0.2219394896005153,0.15255944319130132,TW,2023-05-31,TA YIH MATERIALS H,769.7,769.7,238.79000000000008,0.3102377549694687,769.7,1,A3D4M08846X,A3D4,530.91,USD,MPC15,1,
H22587,0.2219394896005153,0.15255944319130132,TW,2023-05-31,TA YIH MATERIALS H,769.7,769.7,238.79000000000008,0.3102377549694687,769.7,1,A3D4M08847X,A3D4,530.91,USD,MPC15,1,
H22588,0.2219394896005153,0.15255944319130132,TW,2023-05-31,TA YIH MATERIALS H,769.7,769.7,238.79000000000008,0.3102377549694687,769.7,1,A3D4M08848X,A3D4,530.91,USD,MPC15,1,
H22589,0.2219394896005153,0.15255944319130132,TW,2023-05-31,TA YIH MATERIALS H,769.7,769.7,238.79000000000008,0.3102377549694687,769.7,1,A3D4M08849X,A3D4,530.91,USD,MPC15,1,
H22590,0.2219394896005153,0.15255944319130132,TW,2023-05-31,TA YIH MATERIALS H,769.7,769.7,238.79000000000008,0.3102377549694687,769.7,1,A3D4M08850X,A3D4,530.91,USD,MPC15,1,
H22591,0.2219394896005153,0.15255944319130132,TW,2023-05-31,TA YIH MATERIALS H,769.7,769.7,238.79000000000008,0.3102377549694687,769.7,1,A3D4M08851X,A3D4,530.91,USD,MPC15,1,
H22592,0.2219394896005153,0.15255944319130132,TW,2023-05-31,TA YIH MATERIALS H,769.7,769.7,238.79000000000008,0.3102377549694687,769.7,1,A3D4M08852X,A3D4,530.91,USD,MPC15,1,
H22593,0.2219394896005153,0.15255944319130132,TW,2023-05-31,TA YIH MATERIALS H,769.7,769.7,238.79000000000008,0.3102377549694687,769.7,1,A3D4M08853X,A3D4,530.91,USD,MPC15,1,
H22594,0.2219394896005153,0.15255944319130132,TW,2023-05-31,TA YIH MATERIALS H,769.7,769.7,238.79000000000008,0.3102377549694687,769.7,1,A3D4M08854X,A3D4,530.91,USD,MPC15,1,
F92442,0.22193736844174383,0.355,AU,2023-06-01,ADAPT-A-LIFT GROUP,1712.0,1712.0,1110.15,0.6484521028037383,1091.3000000000002,1,A3D4M08001X,A3D4,601.85,AUD,MPC15,2,
H12394,0.2219394896005153,0.199,TH,2023-06-01,JENBUNJERD CO LTD.,979.2,979.2,271.20000000000005,0.2769607843137255,1030.45,1,A3D4M08482X,A3D4,708.0,USD,MPC15,1,
F93119,0.0,0.185,IN,2023-06-01,ELECTROMECH LIFT T,4223.3,4223.3,895.3100000000004,0.2119929912627567,4223.3,1,A7S3H01870X,A7S3,3327.99,USD,MS15UX,1,
H01370,0.2426316556065111,0.055,IN,2023-06-01,ELECTROMECH LIFT T,2910.55,2910.55,286.8000000000002,0.09853807699575687,2910.55,1,A7R1H04555X,A7R1,2623.75,USD,MP20XUX,1,
H23366,0.2219394896005153,0.10364848622281786,TH,2023-06-01,JENBUNJERD CO LTD.,727.7,727.7,130.1500000000001,0.17885117493472596,762.7,1,A3D4M08880X,A3D4,597.55,USD,MPC15,1,
H05907,0.29263165542890246,0.38,TH,2023-06-01,DILOK & SONS CO. L,1552.8,1552.8,570.3599999999999,0.3673106646058732,1583.51,1,A3D1H01973X,A3D1,982.44,USD,P1.5UT,1,
F92452,0.22193736844174383,0.355,AU,2023-05-28,RIVERINA L/TRUCKS,1712.0,1712.0,1110.12,0.6484345794392523,978.6000000000001,1,A3D4M08011X,A3D4,601.88,AUD,MPC15,2,
F92453,0.22193736844174383,0.355,AU,2023-05-28,RIVERINA L/TRUCKS,1712.0,1712.0,1110.12,0.6484345794392523,978.6000000000001,1,A3D4M08012X,A3D4,601.88,AUD,MPC15,2,
F92454,0.22193736844174383,0.355,AU,2023-05-28,RIVERINA L/TRUCKS,1712.0,1712.0,1110.12,0.6484345794392523,978.6000000000001,1,A3D4M08013X,A3D4,601.88,AUD,MPC15,2,
F92455,0.22193736844174383,0.355,AU,2023-05-28,RIVERINA L/TRUCKS,1712.0,1712.0,1110.12,0.6484345794392523,978.6000000000001,1,A3D4M08014X,A3D4,601.88,AUD,MPC15,2,
F92456,0.22193736844174383,0.355,AU,2023-05-28,RIVERINA L/TRUCKS,1712.0,1712.0,1110.12,0.6484345794392523,978.6000000000001,1,A3D4M08015X,A3D4,601.88,AUD,MPC15,2,
F92457,0.22193736844174383,0.355,AU,2023-05-28,RIVERINA L/TRUCKS,1712.0,1712.0,1110.12,0.6484345794392523,978.6000000000001,1,A3D4M08016X,A3D4,601.88,AUD,MPC15,2,
F92458,0.22193736844174383,0.355,AU,2023-05-28,RIVERINA L/TRUCKS,1712.0,1712.0,1110.12,0.6484345794392523,978.6000000000001,1,A3D4M08017X,A3D4,601.88,AUD,MPC15,2,
F92459,0.22193736844174383,0.355,AU,2023-05-28,RIVERINA L/TRUCKS,1712.0,1712.0,1110.12,0.6484345794392523,978.6000000000001,1,A3D4M08018X,A3D4,601.88,AUD,MPC15,2,
F92460,0.22193736844174383,0.355,AU,2023-05-28,RIVERINA L/TRUCKS,1712.0,1712.0,1110.12,0.6484345794392523,978.6000000000001,1,A3D4M08019X,A3D4,601.88,AUD,MPC15,2,
F92461,0.22193736844174383,0.355,AU,2023-05-28,RIVERINA L/TRUCKS,1712.0,1712.0,1110.12,0.6484345794392523,978.6000000000001,1,A3D4M08020X,A3D4,601.88,AUD,MPC15,2,
F95507,0.0,0.191,IN,2023-05-25,Electromech Lift T,4623.3,4623.3,1061.54,0.22960655808621547,4623.3,1,A7S3H01871X,A7S3,3561.76,USD,MS15UX,1,
F95508,0.0,0.191,IN,2023-05-25,Electromech Lift T,4623.3,4623.3,1061.54,0.22960655808621547,4623.3,1,A7S3H01872X,A7S3,3561.76,USD,MS15UX,1,
F95509,0.0,0.191,IN,2023-05-25,Electromech Lift T,4623.3,4623.3,1061.54,0.22960655808621547,4623.3,1,A7S3H01873X,A7S3,3561.76,USD,MS15UX,1,
F95510,0.0,0.191,IN,2023-05-25,Electromech Lift T,4623.3,4623.3,1061.54,0.22960655808621547,4623.3,1,A7S3H01874X,A7S3,3561.76,USD,MS15UX,1,
H13960,0.0,0.22,IN,2023-05-25,Electromech Lift T,5264.2,5264.2,1322.23,0.2511739675544242,5264.2,1,A7R3H01900X,A7R3,3941.97,USD,MS15XUX,1,
H13961,0.0,0.227,IN,2023-05-25,Electromech Lift T,7560.2,7560.2,2519.96,0.33331922435914396,7560.2,1,A7R3H01901X,A7R3,5040.24,USD,MS15XUX,1,
H13962,0.0,0.227,IN,2023-05-25,Electromech Lift T,5656.2,5656.2,1406.9099999999999,0.24873766839927866,5656.2,1,A7R3H01902X,A7R3,4249.29,USD,MS15XUX,1,
H14849,0.0,0.136,IN,2023-05-25,Electromech Lift T,6023.25,6023.25,1476.4899999999998,0.2451317810152326,6023.25,1,A7R3H01903X,A7R3,4546.76,USD,MS15XUX,1,
H14850,0.0,0.139,IN,2023-05-25,Electromech Lift T,6139.25,6139.25,1525.5100000000002,0.24848474976585092,6139.25,1,A7R3H01907X,A7R3,4613.74,USD,MS15XUX,1,
H14851,0.0,0.136,IN,2023-05-25,Electromech Lift T,6023.25,6023.25,1476.4899999999998,0.2451317810152326,6023.25,1,A7R3H01904X,A7R3,4546.76,USD,MS15XUX,1,
H14852,0.0,0.136,IN,2023-05-25,Electromech Lift T,6023.25,6023.25,1476.4899999999998,0.2451317810152326,6023.25,1,A7R3H01905X,A7R3,4546.76,USD,MS15XUX,1,
H14853,0.0,0.136,IN,2023-05-25,Electromech Lift T,6023.25,6023.25,1476.4899999999998,0.2451317810152326,6023.25,1,A7R3H01906X,A7R3,4546.76,USD,MS15XUX,1,
H14854,0.0,0.139,IN,2023-05-25,Electromech Lift T,6139.25,6139.25,1525.5100000000002,0.24848474976585092,6139.25,1,A7R3H01908X,A7R3,4613.74,USD,MS15XUX,1,
H11181,0.2426316556065111,0.396,VN,2023-05-25,KY LUC CO. LTD,4980.2,4980.2,1913.8999999999996,0.3843018352676599,5005.2,1,A7R1H04608X,A7R1,3066.3,USD,MP20XUX,1,
H11182,0.2426316556065111,0.396,VN,2023-05-25,KY LUC CO. LTD,4980.2,4980.2,1913.8999999999996,0.3843018352676599,5005.2,1,A7R1H04609X,A7R1,3066.3,USD,MP20XUX,1,
H11183,0.2426316556065111,0.396,VN,2023-05-25,KY LUC CO. LTD,4980.2,4980.2,1913.8999999999996,0.3843018352676599,5005.2,1,A7R1H04610X,A7R1,3066.3,USD,MP20XUX,1,
H11184,0.2426316556065111,0.396,VN,2023-05-25,KY LUC CO. LTD,4980.2,4980.2,1913.8999999999996,0.3843018352676599,5005.2,1,A7R1H04611X,A7R1,3066.3,USD,MP20XUX,1,
H11185,0.2426316556065111,0.396,VN,2023-05-25,KY LUC CO. LTD,4980.2,4980.2,1913.8999999999996,0.3843018352676599,5005.2,1,A7R1H04612X,A7R1,3066.3,USD,MP20XUX,1,
H11186,0.2426316556065111,0.396,VN,2023-05-25,KY LUC CO. LTD,4980.2,4980.2,1913.8999999999996,0.3843018352676599,5005.2,1,A7R1H04613X,A7R1,3066.3,USD,MP20XUX,1,
H11187,0.2426316556065111,0.396,VN,2023-05-25,KY LUC CO. LTD,4980.2,4980.2,1913.8999999999996,0.3843018352676599,5005.2,1,A7R1H04614X,A7R1,3066.3,USD,MP20XUX,1,
H11188,0.2426316556065111,0.396,VN,2023-05-25,KY LUC CO. LTD,4980.2,4980.2,1913.8999999999996,0.3843018352676599,5005.2,1,A7R1H04615X,A7R1,3066.3,USD,MP20XUX,1,
H11189,0.2426316556065111,0.396,VN,2023-05-25,KY LUC CO. LTD,4980.2,4980.2,1913.8999999999996,0.3843018352676599,5005.2,1,A7R1H04616X,A7R1,3066.3,USD,MP20XUX,1,
H11190,0.2426316556065111,0.396,VN,2023-05-25,KY LUC CO. LTD,4980.2,4980.2,1913.8999999999996,0.3843018352676599,5005.2,1,A7R1H04617X,A7R1,3066.3,USD,MP20XUX,1,
H21629,0.2426316556065111,0.3959139821280302,VN,2023-05-25,KY LUC CO. LTD,4980.2,4980.2,1914.8799999999997,0.3844986145134733,5005.2,1,A7R1H04650X,A7R1,3065.32,USD,MP20XUX,1,
H23341,0.2219394896005153,0.10167802934852077,TH,2023-05-22,JENBUNJERD CO LTD.,777.7,777.7,180.69000000000005,0.23233894818053238,812.7,1,A3D4M08855X,A3D4,597.01,USD,MPC15,1,
H23342,0.2219394896005153,0.10167802934852077,TH,2023-05-22,JENBUNJERD CO LTD.,777.7,777.7,180.69000000000005,0.23233894818053238,812.7,1,A3D4M08856X,A3D4,597.01,USD,MPC15,1,
H23343,0.2219394896005153,0.10167802934852077,TH,2023-05-22,JENBUNJERD CO LTD.,777.7,777.7,180.69000000000005,0.23233894818053238,812.7,1,A3D4M08857X,A3D4,597.01,USD,MPC15,1,
H23344,0.2219394896005153,0.10167802934852077,TH,2023-05-22,JENBUNJERD CO LTD.,777.7,777.7,180.69000000000005,0.23233894818053238,812.7,1,A3D4M08858X,A3D4,597.01,USD,MPC15,1,
H23345,0.2219394896005153,0.10167802934852077,TH,2023-05-22,JENBUNJERD CO LTD.,777.7,777.7,180.69000000000005,0.23233894818053238,812.7,1,A3D4M08859X,A3D4,597.01,USD,MPC15,1,
H23346,0.2219394896005153,0.10167802934852077,TH,2023-05-22,JENBUNJERD CO LTD.,777.7,777.7,180.69000000000005,0.23233894818053238,812.7,1,A3D4M08860X,A3D4,597.01,USD,MPC15,1,
H23347,0.2219394896005153,0.10167802934852077,TH,2023-05-22,JENBUNJERD CO LTD.,777.7,777.7,180.69000000000005,0.23233894818053238,812.7,1,A3D4M08861X,A3D4,597.01,USD,MPC15,1,
H23348,0.2219394896005153,0.10167802934852077,TH,2023-05-22,JENBUNJERD CO LTD.,777.7,777.7,180.69000000000005,0.23233894818053238,812.7,1,A3D4M08862X,A3D4,597.01,USD,MPC15,1,
H23349,0.2219394896005153,0.10167802934852077,TH,2023-05-22,JENBUNJERD CO LTD.,777.7,777.7,180.69000000000005,0.23233894818053238,812.7,1,A3D4M08863X,A3D4,597.01,USD,MPC15,1,
H23350,0.2219394896005153,0.10167802934852077,TH,2023-05-22,JENBUNJERD CO LTD.,777.7,777.7,180.69000000000005,0.23233894818053238,812.7,1,A3D4M08864X,A3D4,597.01,USD,MPC15,1,
H23351,0.2219394896005153,0.10167802934852077,TH,2023-05-22,JENBUNJERD CO LTD.,777.7,777.7,180.69000000000005,0.23233894818053238,812.7,1,A3D4M08865X,A3D4,597.01,USD,MPC15,1,
H23352,0.2219394896005153,0.10167802934852077,TH,2023-05-22,JENBUNJERD CO LTD.,777.7,777.7,180.69000000000005,0.23233894818053238,812.7,1,A3D4M08866X,A3D4,597.01,USD,MPC15,1,
H23353,0.2219394896005153,0.10167802934852077,TH,2023-05-22,JENBUNJERD CO LTD.,777.7,777.7,180.69000000000005,0.23233894818053238,812.7,1,A3D4M08867X,A3D4,597.01,USD,MPC15,1,
H23354,0.2219394896005153,0.10167802934852077,TH,2023-05-22,JENBUNJERD CO LTD.,777.7,777.7,180.69000000000005,0.23233894818053238,812.7,1,A3D4M08868X,A3D4,597.01,USD,MPC15,1,
H23355,0.2219394896005153,0.10167802934852077,TH,2023-05-22,JENBUNJERD CO LTD.,777.7,777.7,180.69000000000005,0.23233894818053238,812.7,1,A3D4M08869X,A3D4,597.01,USD,MPC15,1,
H23356,0.2219394896005153,0.10167802934852077,TH,2023-05-22,JENBUNJERD CO LTD.,777.7,777.7,180.69000000000005,0.23233894818053238,812.7,1,A3D4M08870X,A3D4,597.01,USD,MPC15,1,
H23357,0.2219394896005153,0.10167802934852077,TH,2023-05-22,JENBUNJERD CO LTD.,777.7,777.7,180.69000000000005,0.23233894818053238,812.7,1,A3D4M08871X,A3D4,597.01,USD,MPC15,1,
H23358,0.2219394896005153,0.10167802934852077,TH,2023-05-22,JENBUNJERD CO LTD.,777.7,777.7,180.69000000000005,0.23233894818053238,812.7,1,A3D4M08872X,A3D4,597.01,USD,MPC15,1,
H23359,0.2219394896005153,0.10167802934852077,TH,2023-05-22,JENBUNJERD CO LTD.,777.7,777.7,180.69000000000005,0.23233894818053238,812.7,1,A3D4M08873X,A3D4,597.01,USD,MPC15,1,
H23360,0.2219394896005153,0.10167802934852077,TH,2023-05-22,JENBUNJERD CO LTD.,777.7,777.7,180.69000000000005,0.23233894818053238,812.7,1,A3D4M08874X,A3D4,597.01,USD,MPC15,1,
H23361,0.2219394896005153,0.10167802934852077,TH,2023-05-22,JENBUNJERD CO LTD.,777.7,777.7,180.69000000000005,0.23233894818053238,812.7,1,A3D4M08875X,A3D4,597.01,USD,MPC15,1,
H23362,0.2219394896005153,0.10167802934852077,TH,2023-05-22,JENBUNJERD CO LTD.,777.7,777.7,180.69000000000005,0.23233894818053238,812.7,1,A3D4M08876X,A3D4,597.01,USD,MPC15,1,
H23363,0.2219394896005153,0.10167802934852077,TH,2023-05-22,JENBUNJERD CO LTD.,777.7,777.7,180.69000000000005,0.23233894818053238,812.7,1,A3D4M08877X,A3D4,597.01,USD,MPC15,1,
H23364,0.2219394896005153,0.10364848622281786,TH,2023-05-22,JENBUNJERD CO LTD.,727.7,727.7,130.69000000000005,0.17959323897210394,762.7,1,A3D4M08878X,A3D4,597.01,USD,MPC15,1,
H23365,0.2219394896005153,0.1324372427626882,TH,2023-05-22,JENBUNJERD CO LTD.,863.7,863.7,171.1400000000001,0.19814750492069017,898.7,1,A3D4M08879X,A3D4,692.56,USD,MPC15,1,
H23367,0.2219394896005153,0.10364848622281786,TH,2023-05-22,JENBUNJERD CO LTD.,727.7,727.7,130.69000000000005,0.17959323897210394,762.7,1,A3D4M08881X,A3D4,597.01,USD,MPC15,1,
H23368,0.2219394896005153,0.10364848622281786,TH,2023-05-22,JENBUNJERD CO LTD.,727.7,727.7,130.69000000000005,0.17959323897210394,762.7,1,A3D4M08882X,A3D4,597.01,USD,MPC15,1,
H23369,0.2219394896005153,0.10364848622281786,TH,2023-05-22,JENBUNJERD CO LTD.,727.7,727.7,130.69000000000005,0.17959323897210394,762.7,1,A3D4M08883X,A3D4,597.01,USD,MPC15,1,
H23370,0.2219394896005153,0.10364848622281786,TH,2023-05-22,JENBUNJERD CO LTD.,727.7,727.7,130.69000000000005,0.17959323897210394,762.7,1,A3D4M08884X,A3D4,597.01,USD,MPC15,1,
H23371,0.2219394896005153,0.10364848622281786,TH,2023-05-22,JENBUNJERD CO LTD.,727.7,727.7,130.69000000000005,0.17959323897210394,762.7,1,A3D4M08885X,A3D4,597.01,USD,MPC15,1,
H23372,0.2219394896005153,0.10364848622281786,TH,2023-05-22,JENBUNJERD CO LTD.,727.7,727.7,130.69000000000005,0.17959323897210394,762.7,1,A3D4M08886X,A3D4,597.01,USD,MPC15,1,
H23373,0.2219394896005153,0.10364848622281786,TH,2023-05-22,JENBUNJERD CO LTD.,727.7,727.7,130.69000000000005,0.17959323897210394,762.7,1,A3D4M08887X,A3D4,597.01,USD,MPC15,1,
H23374,0.2219394896005153,0.10364848622281786,TH,2023-05-22,JENBUNJERD CO LTD.,727.7,727.7,130.69000000000005,0.17959323897210394,762.7,1,A3D4M08888X,A3D4,597.01,USD,MPC15,1,
H23375,0.2219394896005153,0.10364848622281786,TH,2023-05-22,JENBUNJERD CO LTD.,727.7,727.7,130.69000000000005,0.17959323897210394,762.7,1,A3D4M08889X,A3D4,597.01,USD,MPC15,1,
H23376,0.2219394896005153,0.10364848622281786,TH,2023-05-22,JENBUNJERD CO LTD.,727.7,727.7,130.69000000000005,0.17959323897210394,762.7,1,A3D4M08890X,A3D4,597.01,USD,MPC15,1,
H23377,0.2219394896005153,0.10364848622281786,TH,2023-05-22,JENBUNJERD CO LTD.,727.7,727.7,130.69000000000005,0.17959323897210394,762.7,1,A3D4M08891X,A3D4,597.01,USD,MPC15,1,
H23378,0.2219394896005153,0.10364848622281786,TH,2023-05-22,JENBUNJERD CO LTD.,727.7,727.7,130.69000000000005,0.17959323897210394,762.7,1,A3D4M08892X,A3D4,597.01,USD,MPC15,1,
H23379,0.2219394896005153,0.10364848622281786,TH,2023-05-22,JENBUNJERD CO LTD.,727.7,727.7,130.69000000000005,0.17959323897210394,762.7,1,A3D4M08893X,A3D4,597.01,USD,MPC15,1,
H23380,0.2219394896005153,0.10364848622281786,TH,2023-05-22,JENBUNJERD CO LTD.,727.7,727.7,130.69000000000005,0.17959323897210394,762.7,1,A3D4M08894X,A3D4,597.01,USD,MPC15,1,
H23381,0.2219394896005153,0.10364848622281786,TH,2023-05-22,JENBUNJERD CO LTD.,727.7,727.7,130.69000000000005,0.17959323897210394,762.7,1,A3D4M08895X,A3D4,597.01,USD,MPC15,1,
H23382,0.2219394896005153,0.10364848622281786,TH,2023-05-22,JENBUNJERD CO LTD.,727.7,727.7,130.69000000000005,0.17959323897210394,762.7,1,A3D4M08896X,A3D4,597.01,USD,MPC15,1,
H23383,0.2219394896005153,0.10364848622281786,TH,2023-05-22,JENBUNJERD CO LTD.,727.7,727.7,130.69000000000005,0.17959323897210394,762.7,1,A3D4M08897X,A3D4,597.01,USD,MPC15,1,
H23384,0.2219394896005153,0.10364848622281786,TH,2023-05-22,JENBUNJERD CO LTD.,727.7,727.7,130.69000000000005,0.17959323897210394,762.7,1,A3D4M08898X,A3D4,597.01,USD,MPC15,1,
H23385,0.2219394896005153,0.10364848622281786,TH,2023-05-22,JENBUNJERD CO LTD.,727.7,727.7,130.69000000000005,0.17959323897210394,762.7,1,A3D4M08899X,A3D4,597.01,USD,MPC15,1,
H23386,0.2219394896005153,0.10364848622281786,TH,2023-05-22,JENBUNJERD CO LTD.,727.7,727.7,130.69000000000005,0.17959323897210394,762.7,1,A3D4M08900X,A3D4,597.01,USD,MPC15,1,
H23387,0.2219394896005153,0.10364848622281786,TH,2023-05-22,JENBUNJERD CO LTD.,727.7,727.7,130.69000000000005,0.17959323897210394,762.7,1,A3D4M08901X,A3D4,597.01,USD,MPC15,1,
H23388,0.2219394896005153,0.1324372427626882,TH,2023-05-22,JENBUNJERD CO LTD.,863.7,863.7,171.1400000000001,0.19814750492069017,898.7,1,A3D4M08902X,A3D4,692.56,USD,MPC15,1,
H23389,0.2219394896005153,0.1324372427626882,TH,2023-05-22,JENBUNJERD CO LTD.,863.7,863.7,171.1400000000001,0.19814750492069017,898.7,1,A3D4M08903X,A3D4,692.56,USD,MPC15,1,
H23390,0.2219394896005153,0.1324372427626882,TH,2023-05-22,JENBUNJERD CO LTD.,863.7,863.7,171.1400000000001,0.19814750492069017,898.7,1,A3D4M08904X,A3D4,692.56,USD,MPC15,1,
H08060,0.2426316556065111,0.394,TH,2023-05-23,JENBUNJERD CO LTD.,5362.15,5362.15,1654.3899999999994,0.30853109293846676,5437.15,1,A7R1H04607X,A7R1,3707.76,USD,MP20XUX,1,
H14519,0.2426316556065111,0.362,TH,2023-05-23,JENBUNJERD CO LTD.,5098.9,5098.9,1392.1199999999994,0.2730235933240502,5173.9,1,A7R1H04631X,A7R1,3706.78,USD,MP20XUX,1,
H14520,0.2426316556065111,0.362,TH,2023-05-23,JENBUNJERD CO LTD.,5098.9,5098.9,1392.1199999999994,0.2730235933240502,5173.9,1,A7R1H04632X,A7R1,3706.78,USD,MP20XUX,1,
H14521,0.2426316556065111,0.362,TH,2023-05-23,JENBUNJERD CO LTD.,5098.9,5098.9,1391.1399999999994,0.27283139500676606,5173.9,1,A7R1H04633X,A7R1,3707.76,USD,MP20XUX,1,
H14522,0.2426316556065111,0.362,TH,2023-05-23,JENBUNJERD CO LTD.,5098.9,5098.9,1391.1399999999994,0.27283139500676606,5173.9,1,A7R1H04634X,A7R1,3707.76,USD,MP20XUX,1,
H14523,0.2426316556065111,0.362,TH,2023-05-23,JENBUNJERD CO LTD.,5098.9,5098.9,1391.1399999999994,0.27283139500676606,5173.9,1,A7R1H04635X,A7R1,3707.76,USD,MP20XUX,1,
H14524,0.2426316556065111,0.362,TH,2023-05-23,JENBUNJERD CO LTD.,5098.9,5098.9,1391.1399999999994,0.27283139500676606,5173.9,1,A7R1H04636X,A7R1,3707.76,USD,MP20XUX,1,
H14525,0.2426316556065111,0.362,TH,2023-05-23,JENBUNJERD CO LTD.,5098.9,5098.9,1391.1399999999994,0.27283139500676606,5173.9,1,A7R1H04637X,A7R1,3707.76,USD,MP20XUX,1,
H14526,0.2426316556065111,0.362,TH,2023-05-23,JENBUNJERD CO LTD.,5098.9,5098.9,1391.1399999999994,0.27283139500676606,5173.9,1,A7R1H04638X,A7R1,3707.76,USD,MP20XUX,1,
H14527,0.2426316556065111,0.362,TH,2023-05-23,JENBUNJERD CO LTD.,5098.9,5098.9,1391.1399999999994,0.27283139500676606,5173.9,1,A7R1H04639X,A7R1,3707.76,USD,MP20XUX,1,
H01371,0.2426316556065111,0.055,IN,2023-05-21,Electromech Lift T,2910.55,2910.55,272.72000000000025,0.09370050334129297,2910.55,1,A7R1H04560X,A7R1,2637.83,USD,MP20XUX,1,
H01372,0.2426316556065111,0.055,IN,2023-05-21,Electromech Lift T,2910.55,2910.55,286.5100000000002,0.0984384394702033,2910.55,1,A7R1H04556X,A7R1,2624.04,USD,MP20XUX,1,
H01373,0.2426316556065111,0.055,IN,2023-05-21,Electromech Lift T,2910.55,2910.55,286.5100000000002,0.0984384394702033,2910.55,1,A7R1H04557X,A7R1,2624.04,USD,MP20XUX,1,
H01374,0.2426316556065111,0.055,IN,2023-05-21,Electromech Lift T,2910.55,2910.55,286.5100000000002,0.0984384394702033,2910.55,1,A7R1H04558X,A7R1,2624.04,USD,MP20XUX,1,
H01375,0.2426316556065111,0.055,IN,2023-05-21,Electromech Lift T,2910.55,2910.55,286.5100000000002,0.0984384394702033,2910.55,1,A7R1H04559X,A7R1,2624.04,USD,MP20XUX,1,
H01377,0.2426316556065111,0.055,IN,2023-05-21,Electromech Lift T,2910.55,2910.55,272.72000000000025,0.09370050334129297,2910.55,1,A7R1H04561X,A7R1,2637.83,USD,MP20XUX,1,
H01378,0.2426316556065111,0.055,IN,2023-05-21,Electromech Lift T,2910.55,2910.55,272.72000000000025,0.09370050334129297,2910.55,1,A7R1H04562X,A7R1,2637.83,USD,MP20XUX,1,
H01379,0.2426316556065111,0.055,IN,2023-05-21,Electromech Lift T,2910.55,2910.55,272.72000000000025,0.09370050334129297,2910.55,1,A7R1H04563X,A7R1,2637.83,USD,MP20XUX,1,
H01380,0.2426316556065111,0.055,IN,2023-05-21,Electromech Lift T,2910.55,2910.55,272.72000000000025,0.09370050334129297,2910.55,1,A7R1H04564X,A7R1,2637.83,USD,MP20XUX,1,
H01381,0.2426316556065111,0.055,IN,2023-05-21,Electromech Lift T,2910.55,2910.55,272.72000000000025,0.09370050334129297,2910.55,1,A7R1H04565X,A7R1,2637.83,USD,MP20XUX,1,
H01382,0.2426316556065111,0.055,IN,2023-05-21,Electromech Lift T,2910.55,2910.55,272.72000000000025,0.09370050334129297,2910.55,1,A7R1H04566X,A7R1,2637.83,USD,MP20XUX,1,
H01383,0.2426316556065111,0.055,IN,2023-05-21,Electromech Lift T,2910.55,2910.55,272.72000000000025,0.09370050334129297,2910.55,1,A7R1H04567X,A7R1,2637.83,USD,MP20XUX,1,
H01384,0.2426316556065111,0.055,IN,2023-05-21,Electromech Lift T,2910.55,2910.55,272.72000000000025,0.09370050334129297,2910.55,1,A7R1H04568X,A7R1,2637.83,USD,MP20XUX,1,
H01385,0.2426316556065111,0.055,IN,2023-05-21,Electromech Lift T,2910.55,2910.55,272.72000000000025,0.09370050334129297,2910.55,1,A7R1H04569X,A7R1,2637.83,USD,MP20XUX,1,
H01386,0.2426316556065111,0.055,IN,2023-05-21,Electromech Lift T,2910.55,2910.55,272.72000000000025,0.09370050334129297,2910.55,1,A7R1H04570X,A7R1,2637.83,USD,MP20XUX,1,
H01387,0.2426316556065111,0.055,IN,2023-05-21,Electromech Lift T,2910.55,2910.55,273.71000000000004,0.09404064523887239,2910.55,1,A7R1H04571X,A7R1,2636.84,USD,MP20XUX,1,
H01388,0.2426316556065111,0.055,IN,2023-05-21,Electromech Lift T,2910.55,2910.55,273.71000000000004,0.09404064523887239,2910.55,1,A7R1H04572X,A7R1,2636.84,USD,MP20XUX,1,
H01389,0.2426316556065111,0.055,IN,2023-05-21,Electromech Lift T,2910.55,2910.55,273.71000000000004,0.09404064523887239,2910.55,1,A7R1H04573X,A7R1,2636.84,USD,MP20XUX,1,
H01390,0.2426316556065111,0.055,IN,2023-05-21,Electromech Lift T,2910.55,2910.55,273.71000000000004,0.09404064523887239,2910.55,1,A7R1H04574X,A7R1,2636.84,USD,MP20XUX,1,
H01391,0.2426316556065111,0.055,IN,2023-05-21,Electromech Lift T,2910.55,2910.55,273.71000000000004,0.09404064523887239,2910.55,1,A7R1H04575X,A7R1,2636.84,USD,MP20XUX,1,
H01392,0.2426316556065111,0.055,IN,2023-05-21,Electromech Lift T,2910.55,2910.55,273.71000000000004,0.09404064523887239,2910.55,1,A7R1H04576X,A7R1,2636.84,USD,MP20XUX,1,
H01393,0.2426316556065111,0.055,IN,2023-05-21,Electromech Lift T,2910.55,2910.55,273.71000000000004,0.09404064523887239,2910.55,1,A7R1H04577X,A7R1,2636.84,USD,MP20XUX,1,
H01394,0.2426316556065111,0.055,IN,2023-05-21,Electromech Lift T,2910.55,2910.55,273.71000000000004,0.09404064523887239,2910.55,1,A7R1H04578X,A7R1,2636.84,USD,MP20XUX,1,
H01395,0.2426316556065111,0.055,IN,2023-05-21,Electromech Lift T,2910.55,2910.55,273.71000000000004,0.09404064523887239,2910.55,1,A7R1H04579X,A7R1,2636.84,USD,MP20XUX,1,
F93047,0.22193736844174383,0.255,AU,2023-05-15,ADAPT-A-LIFT GROUP,1485.05,1485.05,884.0899999999999,0.5953267566748593,978.6000000000001,1,A3D4M08051X,A3D4,600.96,AUD,MPC15,2,
F93048,0.22193736844174383,0.255,AU,2023-05-15,ADAPT-A-LIFT GROUP,1485.05,1485.05,884.0899999999999,0.5953267566748593,978.6000000000001,1,A3D4M08052X,A3D4,600.96,AUD,MPC15,2,
F93049,0.22193736844174383,0.255,AU,2023-05-15,ADAPT-A-LIFT GROUP,1485.05,1485.05,884.0899999999999,0.5953267566748593,978.6000000000001,1,A3D4M08053X,A3D4,600.96,AUD,MPC15,2,
F93050,0.22193736844174383,0.255,AU,2023-05-15,ADAPT-A-LIFT GROUP,1485.05,1485.05,884.0899999999999,0.5953267566748593,978.6000000000001,1,A3D4M08054X,A3D4,600.96,AUD,MPC15,2,
F93051,0.22193736844174383,0.255,AU,2023-05-15,ADAPT-A-LIFT GROUP,1485.05,1485.05,884.0899999999999,0.5953267566748593,978.6000000000001,1,A3D4M08055X,A3D4,600.96,AUD,MPC15,2,
F93052,0.22193736844174383,0.255,AU,2023-05-15,ADAPT-A-LIFT GROUP,1485.05,1485.05,884.0899999999999,0.5953267566748593,978.6000000000001,1,A3D4M08056X,A3D4,600.96,AUD,MPC15,2,
F93053,0.22193736844174383,0.255,AU,2023-05-15,ADAPT-A-LIFT GROUP,1485.05,1485.05,884.0899999999999,0.5953267566748593,978.6000000000001,1,A3D4M08057X,A3D4,600.96,AUD,MPC15,2,
F93054,0.22193736844174383,0.255,AU,2023-05-15,ADAPT-A-LIFT GROUP,1485.05,1485.05,884.0899999999999,0.5953267566748593,978.6000000000001,1,A3D4M08058X,A3D4,600.96,AUD,MPC15,2,
F93055,0.22193736844174383,0.255,AU,2023-05-15,ADAPT-A-LIFT GROUP,1485.05,1485.05,884.0899999999999,0.5953267566748593,978.6000000000001,1,A3D4M08059X,A3D4,600.96,AUD,MPC15,2,
F93056,0.22193736844174383,0.255,AU,2023-05-15,ADAPT-A-LIFT GROUP,1485.05,1485.05,884.0899999999999,0.5953267566748593,978.6000000000001,1,A3D4M08060X,A3D4,600.96,AUD,MPC15,2,
F93628,0.22193736844174383,0.313,AU,2023-05-15,ADAPT-A-LIFT GROUP,1610.0,1610.0,1008.12,0.6261614906832298,1060.94,1,A3D4M08061X,A3D4,601.88,AUD,MPC15,2,
F93629,0.22193736844174383,0.313,AU,2023-05-15,ADAPT-A-LIFT GROUP,1610.0,1610.0,1008.12,0.6261614906832298,1060.94,1,A3D4M08062X,A3D4,601.88,AUD,MPC15,2,
F93630,0.22193736844174383,0.313,AU,2023-05-15,ADAPT-A-LIFT GROUP,1610.0,1610.0,1008.12,0.6261614906832298,1060.94,1,A3D4M08063X,A3D4,601.88,AUD,MPC15,2,
F93631,0.22193736844174383,0.313,AU,2023-05-15,ADAPT-A-LIFT GROUP,1610.0,1610.0,1008.12,0.6261614906832298,1060.94,1,A3D4M08064X,A3D4,601.88,AUD,MPC15,2,
F93632,0.22193736844174383,0.313,AU,2023-05-15,ADAPT-A-LIFT GROUP,1610.0,1610.0,1008.12,0.6261614906832298,1060.94,1,A3D4M08065X,A3D4,601.88,AUD,MPC15,2,
F93633,0.22193736844174383,0.313,AU,2023-05-15,ADAPT-A-LIFT GROUP,1610.0,1610.0,1008.12,0.6261614906832298,1060.94,1,A3D4M08066X,A3D4,601.88,AUD,MPC15,2,
F93634,0.22193736844174383,0.313,AU,2023-05-15,ADAPT-A-LIFT GROUP,1610.0,1610.0,1008.12,0.6261614906832298,1060.94,1,A3D4M08067X,A3D4,601.88,AUD,MPC15,2,
F93635,0.22193736844174383,0.313,AU,2023-05-15,ADAPT-A-LIFT GROUP,1610.0,1610.0,1008.12,0.6261614906832298,1060.94,1,A3D4M08068X,A3D4,601.88,AUD,MPC15,2,
F93636,0.22193736844174383,0.313,AU,2023-05-15,ADAPT-A-LIFT GROUP,1610.0,1610.0,1008.12,0.6261614906832298,1060.94,1,A3D4M08069X,A3D4,601.88,AUD,MPC15,2,
F93637,0.22193736844174383,0.313,AU,2023-05-15,ADAPT-A-LIFT GROUP,1610.0,1610.0,1008.12,0.6261614906832298,1060.94,1,A3D4M08070X,A3D4,601.88,AUD,MPC15,2,
F92443,0.22193736844174383,0.355,AU,2023-05-15,ADAPT-A-LIFT GROUP,1712.0,1712.0,1110.12,0.6484345794392523,1091.3000000000002,1,A3D4M08002X,A3D4,601.88,AUD,MPC15,2,
F92444,0.22193736844174383,0.355,AU,2023-05-15,ADAPT-A-LIFT GROUP,1712.0,1712.0,1110.12,0.6484345794392523,1091.3000000000002,1,A3D4M08003X,A3D4,601.88,AUD,MPC15,2,
F92445,0.22193736844174383,0.355,AU,2023-05-15,ADAPT-A-LIFT GROUP,1712.0,1712.0,1110.12,0.6484345794392523,1091.3000000000002,1,A3D4M08004X,A3D4,601.88,AUD,MPC15,2,
F92446,0.22193736844174383,0.355,AU,2023-05-15,ADAPT-A-LIFT GROUP,1712.0,1712.0,1110.12,0.6484345794392523,1091.3000000000002,1,A3D4M08005X,A3D4,601.88,AUD,MPC15,2,
F92447,0.22193736844174383,0.355,AU,2023-05-15,ADAPT-A-LIFT GROUP,1712.0,1712.0,1110.12,0.6484345794392523,1091.3000000000002,1,A3D4M08006X,A3D4,601.88,AUD,MPC15,2,
F92448,0.22193736844174383,0.355,AU,2023-05-15,ADAPT-A-LIFT GROUP,1712.0,1712.0,1110.12,0.6484345794392523,1091.3000000000002,1,A3D4M08007X,A3D4,601.88,AUD,MPC15,2,
F92449,0.22193736844174383,0.355,AU,2023-05-15,ADAPT-A-LIFT GROUP,1712.0,1712.0,1110.12,0.6484345794392523,1091.3000000000002,1,A3D4M08008X,A3D4,601.88,AUD,MPC15,2,
F92450,0.22193736844174383,0.355,AU,2023-05-15,ADAPT-A-LIFT GROUP,1712.0,1712.0,1110.12,0.6484345794392523,1091.3000000000002,1,A3D4M08009X,A3D4,601.88,AUD,MPC15,2,
F92451,0.22193736844174383,0.355,AU,2023-05-15,ADAPT-A-LIFT GROUP,1712.0,1712.0,1110.12,0.6484345794392523,1091.3000000000002,1,A3D4M08010X,A3D4,601.88,AUD,MPC15,2,
F92462,0.22193736844174383,0.355,AU,2023-05-15,SOUTH QUEENSLAND M,1712.0,1712.0,1110.12,0.6484345794392523,978.56,1,A3D4M08021X,A3D4,601.88,AUD,MPC15,2,
F92463,0.22193736844174383,0.355,AU,2023-05-15,SOUTH QUEENSLAND M,1712.0,1712.0,1110.12,0.6484345794392523,978.56,1,A3D4M08022X,A3D4,601.88,AUD,MPC15,2,
F92464,0.22193736844174383,0.355,AU,2023-05-15,SOUTH QUEENSLAND M,1712.0,1712.0,1110.12,0.6484345794392523,978.56,1,A3D4M08023X,A3D4,601.88,AUD,MPC15,2,
F92465,0.22193736844174383,0.355,AU,2023-05-15,SOUTH QUEENSLAND M,1712.0,1712.0,1110.12,0.6484345794392523,978.56,1,A3D4M08024X,A3D4,601.88,AUD,MPC15,2,
F92466,0.22193736844174383,0.355,AU,2023-05-15,SOUTH QUEENSLAND M,1712.0,1712.0,1110.12,0.6484345794392523,978.56,1,A3D4M08025X,A3D4,601.88,AUD,MPC15,2,
F92467,0.22193736844174383,0.355,AU,2023-05-15,SOUTH QUEENSLAND M,1712.0,1712.0,1110.12,0.6484345794392523,978.56,1,A3D4M08026X,A3D4,601.88,AUD,MPC15,2,
F92468,0.22193736844174383,0.355,AU,2023-05-15,SOUTH QUEENSLAND M,1712.0,1712.0,1110.12,0.6484345794392523,978.56,1,A3D4M08027X,A3D4,601.88,AUD,MPC15,2,
F92469,0.22193736844174383,0.355,AU,2023-05-15,SOUTH QUEENSLAND M,1712.0,1712.0,1110.12,0.6484345794392523,978.56,1,A3D4M08028X,A3D4,601.88,AUD,MPC15,2,
F92470,0.22193736844174383,0.355,AU,2023-05-15,SOUTH QUEENSLAND M,1712.0,1712.0,1110.12,0.6484345794392523,978.56,1,A3D4M08029X,A3D4,601.88,AUD,MPC15,2,
F92471,0.22193736844174383,0.355,AU,2023-05-15,SOUTH QUEENSLAND M,1712.0,1712.0,1110.09,0.6484170560747663,978.56,1,A3D4M08030X,A3D4,601.9100000000001,AUD,MPC15,2,
H12395,0.2219394896005153,0.21,TH,2023-05-09,JENBUNJERD CO LTD.,843.2,843.2,231.10000000000002,0.27407495256166986,894.45,1,A3D4M08483X,A3D4,612.1,USD,MPC15,1,
H12396,0.2219394896005153,0.199,TH,2023-05-09,JENBUNJERD CO LTD.,979.2,979.2,271.56000000000006,0.2773284313725491,1030.45,1,A3D4M08484X,A3D4,707.64,USD,MPC15,1,
H12397,0.2219394896005153,0.199,TH,2023-05-09,JENBUNJERD CO LTD.,979.2,979.2,270.57000000000005,0.27631740196078436,1030.45,1,A3D4M08485X,A3D4,708.63,USD,MPC15,1,
H12398,0.2219394896005153,0.199,TH,2023-05-09,JENBUNJERD CO LTD.,979.2,979.2,270.57000000000005,0.27631740196078436,1030.45,1,A3D4M08486X,A3D4,708.63,USD,MPC15,1,
H12399,0.2219394896005153,0.199,TH,2023-05-09,JENBUNJERD CO LTD.,979.2,979.2,270.57000000000005,0.27631740196078436,1030.45,1,A3D4M08487X,A3D4,708.63,USD,MPC15,1,
H12400,0.2219394896005153,0.199,TH,2023-05-09,JENBUNJERD CO LTD.,979.2,979.2,270.57000000000005,0.27631740196078436,1030.45,1,A3D4M08488X,A3D4,708.63,USD,MPC15,1,
H12401,0.2219394896005153,0.199,TH,2023-05-09,JENBUNJERD CO LTD.,979.2,979.2,270.57000000000005,0.27631740196078436,1030.45,1,A3D4M08489X,A3D4,708.63,USD,MPC15,1,
H12402,0.2219394896005153,0.199,TH,2023-05-09,JENBUNJERD CO LTD.,979.2,979.2,270.57000000000005,0.27631740196078436,1030.45,1,A3D4M08490X,A3D4,708.63,USD,MPC15,1,
H12403,0.2219394896005153,0.21,TH,2023-05-09,JENBUNJERD CO LTD.,843.2,843.2,230.12,0.27291271347248575,894.45,1,A3D4M08491X,A3D4,613.08,USD,MPC15,1,
H12404,0.2219394896005153,0.21,TH,2023-05-09,JENBUNJERD CO LTD.,843.2,843.2,230.12,0.27291271347248575,894.45,1,A3D4M08492X,A3D4,613.08,USD,MPC15,1,
H12405,0.2219394896005153,0.21,TH,2023-05-09,JENBUNJERD CO LTD.,843.2,843.2,230.12,0.27291271347248575,894.45,1,A3D4M08493X,A3D4,613.08,USD,MPC15,1,
H12631,0.2219394896005153,0.21,TH,2023-05-09,JENBUNJERD CO LTD.,843.2,843.2,230.12,0.27291271347248575,894.45,1,A3D4M08494X,A3D4,613.08,USD,MPC15,1,
H12632,0.2219394896005153,0.21,TH,2023-05-09,JENBUNJERD CO LTD.,843.2,843.2,230.12,0.27291271347248575,894.45,1,A3D4M08495X,A3D4,613.08,USD,MPC15,1,
H12633,0.2219394896005153,0.21,TH,2023-05-09,JENBUNJERD CO LTD.,843.2,843.2,230.12,0.27291271347248575,894.45,1,A3D4M08496X,A3D4,613.08,USD,MPC15,1,
H12634,0.2219394896005153,0.21,TH,2023-05-09,JENBUNJERD CO LTD.,843.2,843.2,230.12,0.27291271347248575,894.45,1,A3D4M08497X,A3D4,613.08,USD,MPC15,1,
H12635,0.2219394896005153,0.21,TH,2023-05-09,JENBUNJERD CO LTD.,843.2,843.2,230.12,0.27291271347248575,894.45,1,A3D4M08498X,A3D4,613.08,USD,MPC15,1,
H12636,0.2219394896005153,0.21,TH,2023-05-09,JENBUNJERD CO LTD.,843.2,843.2,230.12,0.27291271347248575,894.45,1,A3D4M08499X,A3D4,613.08,USD,MPC15,1,
H12637,0.2219394896005153,0.21,TH,2023-05-09,JENBUNJERD CO LTD.,843.2,843.2,230.12,0.27291271347248575,894.45,1,A3D4M08500X,A3D4,613.08,USD,MPC15,1,
H12638,0.2219394896005153,0.21,TH,2023-05-09,JENBUNJERD CO LTD.,843.2,843.2,230.12,0.27291271347248575,894.45,1,A3D4M08501X,A3D4,613.08,USD,MPC15,1,
H12958,0.2219394896005153,0.21,TH,2023-05-09,JENBUNJERD CO LTD.,843.2,843.2,230.12,0.27291271347248575,894.45,1,A3D4M08502X,A3D4,613.08,USD,MPC15,1,
H12959,0.2219394896005153,0.21,TH,2023-05-09,JENBUNJERD CO LTD.,843.2,843.2,230.12,0.27291271347248575,894.45,1,A3D4M08503X,A3D4,613.08,USD,MPC15,1,
H12960,0.2219394896005153,0.21,TH,2023-05-09,JENBUNJERD CO LTD.,843.2,843.2,230.12,0.27291271347248575,894.45,1,A3D4M08504X,A3D4,613.08,USD,MPC15,1,
H12961,0.2219394896005153,0.21,TH,2023-05-09,JENBUNJERD CO LTD.,843.2,843.2,230.12,0.27291271347248575,894.45,1,A3D4M08505X,A3D4,613.08,USD,MPC15,1,
H12962,0.2219394896005153,0.21,TH,2023-05-09,JENBUNJERD CO LTD.,843.2,843.2,230.12,0.27291271347248575,894.45,1,A3D4M08506X,A3D4,613.08,USD,MPC15,1,
H12963,0.2219394896005153,0.21,TH,2023-05-09,JENBUNJERD CO LTD.,843.2,843.2,230.12,0.27291271347248575,894.45,1,A3D4M08507X,A3D4,613.08,USD,MPC15,1,
H12964,0.2219394896005153,0.21,TH,2023-05-09,JENBUNJERD CO LTD.,843.2,843.2,230.12,0.27291271347248575,894.45,1,A3D4M08508X,A3D4,613.08,USD,MPC15,1,
H12965,0.2219394896005153,0.21,TH,2023-05-09,JENBUNJERD CO LTD.,843.2,843.2,230.12,0.27291271347248575,894.45,1,A3D4M08509X,A3D4,613.08,USD,MPC15,1,
H12966,0.2219394896005153,0.21,TH,2023-05-09,JENBUNJERD CO LTD.,843.2,843.2,230.12,0.27291271347248575,894.45,1,A3D4M08510X,A3D4,613.08,USD,MPC15,1,
H12967,0.2219394896005153,0.21,TH,2023-05-09,JENBUNJERD CO LTD.,843.2,843.2,230.12,0.27291271347248575,894.45,1,A3D4M08511X,A3D4,613.08,USD,MPC15,1,
H13577,0.2219394896005153,0.199,TH,2023-05-09,JENBUNJERD CO LTD.,979.2,979.2,270.57000000000005,0.27631740196078436,1030.45,1,A3D4M08512X,A3D4,708.63,USD,MPC15,1,
H13578,0.2219394896005153,0.199,TH,2023-05-09,JENBUNJERD CO LTD.,979.2,979.2,270.57000000000005,0.27631740196078436,1030.45,1,A3D4M08513X,A3D4,708.63,USD,MPC15,1,
H13579,0.2219394896005153,0.199,TH,2023-05-09,JENBUNJERD CO LTD.,979.2,979.2,270.57000000000005,0.27631740196078436,1030.45,1,A3D4M08514X,A3D4,708.63,USD,MPC15,1,
H13580,0.2219394896005153,0.199,TH,2023-05-09,JENBUNJERD CO LTD.,979.2,979.2,270.57000000000005,0.27631740196078436,1030.45,1,A3D4M08515X,A3D4,708.63,USD,MPC15,1,
H13581,0.2219394896005153,0.199,TH,2023-05-09,JENBUNJERD CO LTD.,979.2,979.2,270.57000000000005,0.27631740196078436,1030.45,1,A3D4M08516X,A3D4,708.63,USD,MPC15,1,
H13582,0.2219394896005153,0.199,TH,2023-05-09,JENBUNJERD CO LTD.,979.2,979.2,270.57000000000005,0.27631740196078436,1030.45,1,A3D4M08517X,A3D4,708.63,USD,MPC15,1,
H13583,0.2219394896005153,0.199,TH,2023-05-09,JENBUNJERD CO LTD.,979.2,979.2,270.57000000000005,0.27631740196078436,1030.45,1,A3D4M08518X,A3D4,708.63,USD,MPC15,1,
H13584,0.2219394896005153,0.199,TH,2023-05-09,JENBUNJERD CO LTD.,979.2,979.2,270.57000000000005,0.27631740196078436,1030.45,1,A3D4M08519X,A3D4,708.63,USD,MPC15,1,
H13585,0.2219394896005153,0.2,TH,2023-05-09,JENBUNJERD CO LTD.,843.2,843.2,230.12,0.27291271347248575,894.45,1,A3D4M08520X,A3D4,613.08,USD,MPC15,1,
H13586,0.2219394896005153,0.2,TH,2023-05-09,JENBUNJERD CO LTD.,843.2,843.2,230.12,0.27291271347248575,894.45,1,A3D4M08521X,A3D4,613.08,USD,MPC15,1,
H05908,0.29263165542890246,0.38,TH,2023-05-06,DILOK & SONS CO. L,1552.8,1552.8,570.33,0.3672913446676971,1583.51,1,A3D1H01974X,A3D1,982.4699999999999,USD,P1.5UT,1,
H05909,0.29263165542890246,0.38,TH,2023-05-06,DILOK & SONS CO. L,1552.8,1552.8,570.33,0.3672913446676971,1583.51,1,A3D1H01975X,A3D1,982.4699999999999,USD,P1.5UT,1,
H05910,0.29263165542890246,0.38,TH,2023-05-06,DILOK & SONS CO. L,1552.8,1552.8,570.33,0.3672913446676971,1583.51,1,A3D1H01976X,A3D1,982.4699999999999,USD,P1.5UT,1,
H05911,0.29263165542890246,0.38,TH,2023-05-06,DILOK & SONS CO. L,1552.8,1552.8,570.33,0.3672913446676971,1583.51,1,A3D1H01977X,A3D1,982.4699999999999,USD,P1.5UT,1,
H05912,0.29263165542890246,0.38,TH,2023-05-06,DILOK & SONS CO. L,1552.8,1552.8,570.33,0.3672913446676971,1583.51,1,A3D1H01978X,A3D1,982.4699999999999,USD,P1.5UT,1,
H05913,0.29263165542890246,0.38,TH,2023-05-06,DILOK & SONS CO. L,1552.8,1552.8,570.33,0.3672913446676971,1583.51,1,A3D1H01979X,A3D1,982.4699999999999,USD,P1.5UT,1,
H05914,0.29263165542890246,0.38,TH,2023-05-06,DILOK & SONS CO. L,1552.8,1552.8,570.33,0.3672913446676971,1583.51,1,A3D1H01980X,A3D1,982.4699999999999,USD,P1.5UT,1,
H05915,0.29263165542890246,0.38,TH,2023-05-06,DILOK & SONS CO. L,1552.8,1552.8,571.3199999999999,0.36792890262751154,1583.51,1,A3D1H01981X,A3D1,981.48,USD,P1.5UT,1,
H05916,0.29263165542890246,0.38,TH,2023-05-06,DILOK & SONS CO. L,1552.8,1552.8,571.3199999999999,0.36792890262751154,1583.51,1,A3D1H01982X,A3D1,981.48,USD,P1.5UT,1,
H05917,0.29263165542890246,0.38,TH,2023-05-06,DILOK & SONS CO. L,1552.8,1552.8,571.3199999999999,0.36792890262751154,1583.51,1,A3D1H01983X,A3D1,981.48,USD,P1.5UT,1,
H05918,0.29263165542890246,0.38,TH,2023-05-06,DILOK & SONS CO. L,1552.8,1552.8,571.3199999999999,0.36792890262751154,1583.51,1,A3D1H01984X,A3D1,981.48,USD,P1.5UT,1,
H05919,0.29263165542890246,0.38,TH,2023-05-06,DILOK & SONS CO. L,1552.8,1552.8,571.3199999999999,0.36792890262751154,1583.51,1,A3D1H01985X,A3D1,981.48,USD,P1.5UT,1,
H05920,0.29263165542890246,0.38,TH,2023-05-06,DILOK & SONS CO. L,1552.8,1552.8,571.3199999999999,0.36792890262751154,1583.51,1,A3D1H01986X,A3D1,981.48,USD,P1.5UT,1,
F90210,0.183,0.333,MY,2023-05-01,SIME DARBY MATERIA,6988.4,6988.4,2289.33,0.32759000629614793,7076.4,1,A3C9H01545X,A3C9,4699.07,USD,T3.0UT,1,
H04232,0.2219394896005153,0.267,IN,2023-04-25,Electromech Lift T,1210.5,1210.5,387.9200000000001,0.32046261875258164,1238.86,1,A3D4M08193X,A3D4,822.5799999999999,USD,MPC15,1,
H04233,0.2219394896005153,0.267,IN,2023-04-25,Electromech Lift T,1210.5,1210.5,387.9200000000001,0.32046261875258164,1238.86,1,A3D4M08194X,A3D4,822.5799999999999,USD,MPC15,1,
H04234,0.2219394896005153,0.267,IN,2023-04-25,Electromech Lift T,1210.5,1210.5,387.9200000000001,0.32046261875258164,1238.86,1,A3D4M08195X,A3D4,822.5799999999999,USD,MPC15,1,
H04235,0.2219394896005153,0.267,IN,2023-04-25,Electromech Lift T,1210.5,1210.5,387.9200000000001,0.32046261875258164,1238.86,1,A3D4M08196X,A3D4,822.5799999999999,USD,MPC15,1,
H04236,0.2219394896005153,0.267,IN,2023-04-25,Electromech Lift T,1210.5,1210.5,387.9200000000001,0.32046261875258164,1238.86,1,A3D4M08197X,A3D4,822.5799999999999,USD,MPC15,1,
H04237,0.2219394896005153,0.267,IN,2023-04-25,Electromech Lift T,1210.5,1210.5,387.9200000000001,0.32046261875258164,1238.86,1,A3D4M08198X,A3D4,822.5799999999999,USD,MPC15,1,
H04238,0.2219394896005153,0.267,IN,2023-04-25,Electromech Lift T,1210.5,1210.5,387.9200000000001,0.32046261875258164,1238.86,1,A3D4M08199X,A3D4,822.5799999999999,USD,MPC15,1,
H04239,0.2219394896005153,0.267,IN,2023-04-25,Electromech Lift T,1210.5,1210.5,387.9200000000001,0.32046261875258164,1238.86,1,A3D4M08200X,A3D4,822.5799999999999,USD,MPC15,1,
H04240,0.2219394896005153,0.267,IN,2023-04-25,Electromech Lift T,1210.5,1210.5,387.9200000000001,0.32046261875258164,1238.86,1,A3D4M08201X,A3D4,822.5799999999999,USD,MPC15,1,
H04241,0.2219394896005153,0.267,IN,2023-04-25,Electromech Lift T,1210.5,1210.5,387.9200000000001,0.32046261875258164,1238.86,1,A3D4M08202X,A3D4,822.5799999999999,USD,MPC15,1,
H04242,0.2219394896005153,0.267,IN,2023-04-25,Electromech Lift T,1210.5,1210.5,387.9200000000001,0.32046261875258164,1238.86,1,A3D4M08203X,A3D4,822.5799999999999,USD,MPC15,1,
H04243,0.2219394896005153,0.267,IN,2023-04-25,Electromech Lift T,1210.5,1210.5,387.9200000000001,0.32046261875258164,1238.86,1,A3D4M08204X,A3D4,822.5799999999999,USD,MPC15,1,
H04244,0.2219394896005153,0.267,IN,2023-04-25,Electromech Lift T,1210.5,1210.5,387.9200000000001,0.32046261875258164,1238.86,1,A3D4M08205X,A3D4,822.5799999999999,USD,MPC15,1,
H04245,0.2219394896005153,0.267,IN,2023-04-25,Electromech Lift T,1210.5,1210.5,387.9200000000001,0.32046261875258164,1238.86,1,A3D4M08206X,A3D4,822.5799999999999,USD,MPC15,1,
H04246,0.2219394896005153,0.267,IN,2023-04-25,Electromech Lift T,1210.5,1210.5,387.9200000000001,0.32046261875258164,1238.86,1,A3D4M08207X,A3D4,822.5799999999999,USD,MPC15,1,
H04247,0.2219394896005153,0.267,IN,2023-04-25,Electromech Lift T,1210.5,1210.5,387.9200000000001,0.32046261875258164,1238.86,1,A3D4M08208X,A3D4,822.5799999999999,USD,MPC15,1,
H04248,0.2219394896005153,0.267,IN,2023-04-25,Electromech Lift T,1210.5,1210.5,387.9200000000001,0.32046261875258164,1238.86,1,A3D4M08209X,A3D4,822.5799999999999,USD,MPC15,1,
H04249,0.2219394896005153,0.267,IN,2023-04-25,Electromech Lift T,1210.5,1210.5,387.9200000000001,0.32046261875258164,1238.86,1,A3D4M08210X,A3D4,822.5799999999999,USD,MPC15,1,
H04250,0.2219394896005153,0.267,IN,2023-04-25,Electromech Lift T,1210.5,1210.5,387.9200000000001,0.32046261875258164,1238.86,1,A3D4M08211X,A3D4,822.5799999999999,USD,MPC15,1,
H04251,0.2219394896005153,0.267,IN,2023-04-25,Electromech Lift T,1210.5,1210.5,387.9200000000001,0.32046261875258164,1238.86,1,A3D4M08212X,A3D4,822.5799999999999,USD,MPC15,1,
H04252,0.2219394896005153,0.267,IN,2023-04-25,Electromech Lift T,1210.5,1210.5,387.9200000000001,0.32046261875258164,1238.86,1,A3D4M08213X,A3D4,822.5799999999999,USD,MPC15,1,
H04253,0.2219394896005153,0.267,IN,2023-04-25,Electromech Lift T,1210.5,1210.5,387.9200000000001,0.32046261875258164,1238.86,1,A3D4M08214X,A3D4,822.5799999999999,USD,MPC15,1,
F93093,0.0,0.1715,VN,2023-04-19,MICO Machinery and,30252.6,30252.6,6311.98,0.20864256295326683,30252.6,1,D435T09270X,D435,23940.62,USD,R1.6,1,
F90211,0.183,0.333,MY,2023-04-06,Sime Darby Materia,6988.4,6988.4,2290.5199999999995,0.3277602884780493,7076.4,1,A3C9H01546X,A3C9,4697.88,USD,T3.0UT,1,
F90212,0.183,0.333,MY,2023-04-06,Sime Darby Materia,6988.4,6988.4,2290.5199999999995,0.3277602884780493,7076.4,1,A3C9H01547X,A3C9,4697.88,USD,T3.0UT,1,
F90213,0.183,0.333,MY,2023-04-06,Sime Darby Materia,6988.4,6988.4,2289.5299999999997,0.327618625150249,7076.4,1,A3C9H01548X,A3C9,4698.87,USD,T3.0UT,1,
F90214,0.183,0.333,MY,2023-04-06,Sime Darby Materia,6988.4,6988.4,2289.5299999999997,0.327618625150249,7076.4,1,A3C9H01549X,A3C9,4698.87,USD,T3.0UT,1,
F90215,0.183,0.333,MY,2023-04-06,Sime Darby Materia,6988.4,6988.4,2289.5299999999997,0.327618625150249,7076.4,1,A3C9H01550X,A3C9,4698.87,USD,T3.0UT,1,
F90216,0.183,0.333,MY,2023-04-06,Sime Darby Materia,6988.4,6988.4,2289.5299999999997,0.327618625150249,7076.4,1,A3C9H01551X,A3C9,4698.87,USD,T3.0UT,1,
F90217,0.183,0.333,MY,2023-04-06,Sime Darby Materia,6988.4,6988.4,2289.5299999999997,0.327618625150249,7076.4,1,A3C9H01552X,A3C9,4698.87,USD,T3.0UT,1,
F90218,0.183,0.333,MY,2023-04-06,Sime Darby Materia,6988.4,6988.4,2289.5299999999997,0.327618625150249,7076.4,1,A3C9H01553X,A3C9,4698.87,USD,T3.0UT,1,
F90219,0.183,0.333,MY,2023-04-06,Sime Darby Materia,6988.4,6988.4,2289.5299999999997,0.327618625150249,7076.4,1,A3C9H01554X,A3C9,4698.87,USD,T3.0UT,1,
F91147,0.0,0.2028,VN,2023-03-30,KY LUC CO. LTD,40464.6,40464.6,11064.969999999998,0.273448149740761,40464.6,1,D849T07988X,D849,29399.63,USD,MR16,1,
F91146,0.0,0.2052,VN,2023-03-30,KY LUC CO. LTD,45860.6,45860.6,12641.129999999997,0.2756424905038311,45860.6,1,D849T07987X,D849,33219.47,USD,MR16,1,
F90230,0.24420562786160122,0.338,VN,2023-03-30,KY LUC CO. LTD,7894.5,7894.5,2722.4399999999996,0.3448527455823674,8353.5,1,A7R6H01594X,A7R6,5172.06,USD,MSL15WUX,1,
F91553,0.2426316556065111,0.055,IN,2023-04-03,ELECTROMECH LIFT T,2910.55,2910.55,229.0,0.07867928741990345,2910.55,1,A7R1H04529X,A7R1,2681.55,USD,MP20XUX,1,
F91554,0.2426316556065111,0.055,IN,2023-03-28,Electromech Lift T,2910.55,2910.55,228.4000000000001,0.07847314081530984,2910.55,1,A7R1H04530X,A7R1,2682.15,USD,MP20XUX,1,
F91555,0.2426316556065111,0.055,IN,2023-03-28,Electromech Lift T,2910.55,2910.55,228.4000000000001,0.07847314081530984,2910.55,1,A7R1H04531X,A7R1,2682.15,USD,MP20XUX,1,
F91556,0.2426316556065111,0.055,IN,2023-03-28,Electromech Lift T,2910.55,2910.55,228.4000000000001,0.07847314081530984,2910.55,1,A7R1H04532X,A7R1,2682.15,USD,MP20XUX,1,
F91557,0.2426316556065111,0.055,IN,2023-03-28,Electromech Lift T,2910.55,2910.55,228.4000000000001,0.07847314081530984,2910.55,1,A7R1H04533X,A7R1,2682.15,USD,MP20XUX,1,
F91558,0.2426316556065111,0.055,IN,2023-03-28,Electromech Lift T,2910.55,2910.55,228.4000000000001,0.07847314081530984,2910.55,1,A7R1H04534X,A7R1,2682.15,USD,MP20XUX,1,
F91559,0.2426316556065111,0.055,IN,2023-03-28,Electromech Lift T,2910.55,2910.55,228.4000000000001,0.07847314081530984,2910.55,1,A7R1H04535X,A7R1,2682.15,USD,MP20XUX,1,
F91560,0.2426316556065111,0.055,IN,2023-03-28,Electromech Lift T,2910.55,2910.55,228.4000000000001,0.07847314081530984,2910.55,1,A7R1H04536X,A7R1,2682.15,USD,MP20XUX,1,
F91561,0.2426316556065111,0.055,IN,2023-03-28,Electromech Lift T,2910.55,2910.55,228.4000000000001,0.07847314081530984,2910.55,1,A7R1H04537X,A7R1,2682.15,USD,MP20XUX,1,
F91562,0.2426316556065111,0.055,IN,2023-03-28,Electromech Lift T,2910.55,2910.55,228.4000000000001,0.07847314081530984,2910.55,1,A7R1H04538X,A7R1,2682.15,USD,MP20XUX,1,
F91563,0.2426316556065111,0.055,IN,2023-03-28,Electromech Lift T,2910.55,2910.55,228.4000000000001,0.07847314081530984,2910.55,1,A7R1H04539X,A7R1,2682.15,USD,MP20XUX,1,
F91564,0.2426316556065111,0.055,IN,2023-03-28,Electromech Lift T,2910.55,2910.55,228.4000000000001,0.07847314081530984,2910.55,1,A7R1H04540X,A7R1,2682.15,USD,MP20XUX,1,
F91565,0.2426316556065111,0.055,IN,2023-03-28,Electromech Lift T,2910.55,2910.55,228.4000000000001,0.07847314081530984,2910.55,1,A7R1H04541X,A7R1,2682.15,USD,MP20XUX,1,
F91566,0.2426316556065111,0.055,IN,2023-03-28,Electromech Lift T,2910.55,2910.55,228.4000000000001,0.07847314081530984,2910.55,1,A7R1H04542X,A7R1,2682.15,USD,MP20XUX,1,
F91567,0.2426316556065111,0.055,IN,2023-03-28,Electromech Lift T,2910.55,2910.55,228.4000000000001,0.07847314081530984,2910.55,1,A7R1H04543X,A7R1,2682.15,USD,MP20XUX,1,
F91568,0.2426316556065111,0.055,IN,2023-03-28,Electromech Lift T,2910.55,2910.55,228.4000000000001,0.07847314081530984,2910.55,1,A7R1H04544X,A7R1,2682.15,USD,MP20XUX,1,
F91569,0.2426316556065111,0.055,IN,2023-03-28,Electromech Lift T,2910.55,2910.55,228.4000000000001,0.07847314081530984,2910.55,1,A7R1H04545X,A7R1,2682.15,USD,MP20XUX,1,
F91570,0.2426316556065111,0.055,IN,2023-03-28,Electromech Lift T,2910.55,2910.55,229.3800000000001,0.07880984693614612,2910.55,1,A7R1H04546X,A7R1,2681.17,USD,MP20XUX,1,
F91571,0.2426316556065111,0.055,IN,2023-03-28,Electromech Lift T,2910.55,2910.55,229.3800000000001,0.07880984693614612,2910.55,1,A7R1H04547X,A7R1,2681.17,USD,MP20XUX,1,
F91572,0.2426316556065111,0.055,IN,2023-03-28,Electromech Lift T,2910.55,2910.55,229.3800000000001,0.07880984693614612,2910.55,1,A7R1H04548X,A7R1,2681.17,USD,MP20XUX,1,
F91573,0.2426316556065111,0.055,IN,2023-03-28,Electromech Lift T,2910.55,2910.55,229.3800000000001,0.07880984693614612,2910.55,1,A7R1H04549X,A7R1,2681.17,USD,MP20XUX,1,
F91574,0.2426316556065111,0.055,IN,2023-03-28,Electromech Lift T,2910.55,2910.55,229.3800000000001,0.07880984693614612,2910.55,1,A7R1H04550X,A7R1,2681.17,USD,MP20XUX,1,
F91575,0.2426316556065111,0.055,IN,2023-03-28,Electromech Lift T,2910.55,2910.55,229.3800000000001,0.07880984693614612,2910.55,1,A7R1H04551X,A7R1,2681.17,USD,MP20XUX,1,
F91576,0.2426316556065111,0.055,IN,2023-03-28,Electromech Lift T,2910.55,2910.55,229.3800000000001,0.07880984693614612,2910.55,1,A7R1H04552X,A7R1,2681.17,USD,MP20XUX,1,
F91577,0.2426316556065111,0.055,IN,2023-03-28,Electromech Lift T,2910.55,2910.55,229.3800000000001,0.07880984693614612,2910.55,1,A7R1H04553X,A7R1,2681.17,USD,MP20XUX,1,
F91578,0.2426316556065111,0.055,IN,2023-03-28,Electromech Lift T,2910.55,2910.55,229.3800000000001,0.07880984693614612,2910.55,1,A7R1H04554X,A7R1,2681.17,USD,MP20XUX,1,
F90373,0.2219394896005153,0.253,VN,2023-02-21,KY LUC CO. LTD,870.5,870.5,294.28,0.3380585870189546,898.5,1,A3D4M07916X,A3D4,576.22,USD,MPC15,1,
F90374,0.2219394896005153,0.253,VN,2023-02-21,KY LUC CO. LTD,870.5,870.5,294.28,0.3380585870189546,898.5,1,A3D4M07917X,A3D4,576.22,USD,MPC15,1,
F90375,0.2219394896005153,0.253,VN,2023-02-21,KY LUC CO. LTD,870.5,870.5,294.28,0.3380585870189546,898.5,1,A3D4M07918X,A3D4,576.22,USD,MPC15,1,
F90376,0.2219394896005153,0.253,VN,2023-02-21,KY LUC CO. LTD,870.5,870.5,294.28,0.3380585870189546,898.5,1,A3D4M07919X,A3D4,576.22,USD,MPC15,1,
F90377,0.2219394896005153,0.253,VN,2023-02-21,KY LUC CO. LTD,870.5,870.5,294.28,0.3380585870189546,898.5,1,A3D4M07920X,A3D4,576.22,USD,MPC15,1,
F90378,0.2219394896005153,0.253,VN,2023-02-21,KY LUC CO. LTD,870.5,870.5,294.28,0.3380585870189546,898.5,1,A3D4M07921X,A3D4,576.22,USD,MPC15,1,
F90379,0.2219394896005153,0.253,VN,2023-02-21,KY LUC CO. LTD,870.5,870.5,294.28,0.3380585870189546,898.5,1,A3D4M07922X,A3D4,576.22,USD,MPC15,1,
F90380,0.2219394896005153,0.253,VN,2023-02-21,KY LUC CO. LTD,870.5,870.5,294.28,0.3380585870189546,898.5,1,A3D4M07923X,A3D4,576.22,USD,MPC15,1,
F90381,0.2219394896005153,0.253,VN,2023-02-21,KY LUC CO. LTD,870.5,870.5,294.28,0.3380585870189546,898.5,1,A3D4M07924X,A3D4,576.22,USD,MPC15,1,
F90382,0.2219394896005153,0.253,VN,2023-02-21,KY LUC CO. LTD,870.5,870.5,294.28,0.3380585870189546,898.5,1,A3D4M07925X,A3D4,576.22,USD,MPC15,1,
F90383,0.2219394896005153,0.253,VN,2023-02-21,KY LUC CO. LTD,870.5,870.5,294.28,0.3380585870189546,898.5,1,A3D4M07926X,A3D4,576.22,USD,MPC15,1,
F90384,0.2219394896005153,0.253,VN,2023-02-21,KY LUC CO. LTD,870.5,870.5,294.28,0.3380585870189546,898.5,1,A3D4M07927X,A3D4,576.22,USD,MPC15,1,
F90385,0.2219394896005153,0.253,VN,2023-02-21,KY LUC CO. LTD,870.5,870.5,294.28,0.3380585870189546,898.5,1,A3D4M07928X,A3D4,576.22,USD,MPC15,1,
F90386,0.2219394896005153,0.253,VN,2023-02-21,KY LUC CO. LTD,870.5,870.5,294.28,0.3380585870189546,898.5,1,A3D4M07929X,A3D4,576.22,USD,MPC15,1,
F90387,0.2219394896005153,0.253,VN,2023-02-21,KY LUC CO. LTD,870.5,870.5,294.28,0.3380585870189546,898.5,1,A3D4M07930X,A3D4,576.22,USD,MPC15,1,
F90388,0.2219394896005153,0.253,VN,2023-02-21,KY LUC CO. LTD,870.5,870.5,294.28,0.3380585870189546,898.5,1,A3D4M07931X,A3D4,576.22,USD,MPC15,1,
F90389,0.2219394896005153,0.253,VN,2023-02-21,KY LUC CO. LTD,870.5,870.5,294.28,0.3380585870189546,898.5,1,A3D4M07932X,A3D4,576.22,USD,MPC15,1,
F90390,0.2219394896005153,0.253,VN,2023-02-21,KY LUC CO. LTD,870.5,870.5,294.28,0.3380585870189546,898.5,1,A3D4M07933X,A3D4,576.22,USD,MPC15,1,
F90391,0.2219394896005153,0.253,VN,2023-02-21,KY LUC CO. LTD,870.5,870.5,294.28,0.3380585870189546,898.5,1,A3D4M07934X,A3D4,576.22,USD,MPC15,1,
F90392,0.2219394896005153,0.253,VN,2023-02-21,KY LUC CO. LTD,870.5,870.5,294.28,0.3380585870189546,898.5,1,A3D4M07935X,A3D4,576.22,USD,MPC15,1,
F90393,0.2219394896005153,0.253,VN,2023-02-21,KY LUC CO. LTD,870.5,870.5,294.28,0.3380585870189546,898.5,1,A3D4M07936X,A3D4,576.22,USD,MPC15,1,
F90394,0.2219394896005153,0.253,VN,2023-02-21,KY LUC CO. LTD,870.5,870.5,294.28,0.3380585870189546,898.5,1,A3D4M07937X,A3D4,576.22,USD,MPC15,1,
F90395,0.2219394896005153,0.253,VN,2023-02-21,KY LUC CO. LTD,870.5,870.5,294.28,0.3380585870189546,898.5,1,A3D4M07938X,A3D4,576.22,USD,MPC15,1,
F90396,0.2219394896005153,0.253,VN,2023-02-21,KY LUC CO. LTD,870.5,870.5,294.28,0.3380585870189546,898.5,1,A3D4M07939X,A3D4,576.22,USD,MPC15,1,
F90397,0.2219394896005153,0.253,VN,2023-02-21,KY LUC CO. LTD,870.5,870.5,294.28,0.3380585870189546,898.5,1,A3D4M07940X,A3D4,576.22,USD,MPC15,1,
F90398,0.2219394896005153,0.253,VN,2023-02-21,KY LUC CO. LTD,870.5,870.5,294.28,0.3380585870189546,898.5,1,A3D4M07941X,A3D4,576.22,USD,MPC15,1,
F90399,0.2219394896005153,0.253,VN,2023-02-21,KY LUC CO. LTD,870.5,870.5,294.28,0.3380585870189546,898.5,1,A3D4M07942X,A3D4,576.22,USD,MPC15,1,
F90400,0.2219394896005153,0.253,VN,2023-02-21,KY LUC CO. LTD,870.5,870.5,294.28,0.3380585870189546,898.5,1,A3D4M07943X,A3D4,576.22,USD,MPC15,1,
F90401,0.2219394896005153,0.253,VN,2023-02-21,KY LUC CO. LTD,870.5,870.5,294.28,0.3380585870189546,898.5,1,A3D4M07944X,A3D4,576.22,USD,MPC15,1,
F90402,0.2219394896005153,0.253,VN,2023-02-21,KY LUC CO. LTD,870.5,870.5,294.28,0.3380585870189546,898.5,1,A3D4M07945X,A3D4,576.22,USD,MPC15,1,
F90403,0.2219394896005153,0.253,VN,2023-02-21,KY LUC CO. LTD,870.5,870.5,295.26,0.3391843767949454,898.5,1,A3D4M07946X,A3D4,575.24,USD,MPC15,1,
F90404,0.2219394896005153,0.253,VN,2023-02-21,KY LUC CO. LTD,870.5,870.5,295.26,0.3391843767949454,898.5,1,A3D4M07947X,A3D4,575.24,USD,MPC15,1,
F90405,0.2219394896005153,0.253,VN,2023-02-21,KY LUC CO. LTD,870.5,870.5,295.26,0.3391843767949454,898.5,1,A3D4M07948X,A3D4,575.24,USD,MPC15,1,
F90406,0.2219394896005153,0.253,VN,2023-02-21,KY LUC CO. LTD,870.5,870.5,295.26,0.3391843767949454,898.5,1,A3D4M07949X,A3D4,575.24,USD,MPC15,1,
F90407,0.2219394896005153,0.253,VN,2023-02-21,KY LUC CO. LTD,870.5,870.5,295.26,0.3391843767949454,898.5,1,A3D4M07950X,A3D4,575.24,USD,MPC15,1,
F90408,0.2219394896005153,0.253,VN,2023-02-21,KY LUC CO. LTD,870.5,870.5,295.26,0.3391843767949454,898.5,1,A3D4M07951X,A3D4,575.24,USD,MPC15,1,
F90409,0.2219394896005153,0.253,VN,2023-02-21,KY LUC CO. LTD,870.5,870.5,295.26,0.3391843767949454,898.5,1,A3D4M07952X,A3D4,575.24,USD,MPC15,1,
F90410,0.2219394896005153,0.253,VN,2023-02-21,KY LUC CO. LTD,870.5,870.5,295.26,0.3391843767949454,898.5,1,A3D4M07953X,A3D4,575.24,USD,MPC15,1,
F90411,0.2219394896005153,0.253,VN,2023-02-21,KY LUC CO. LTD,870.5,870.5,295.26,0.3391843767949454,898.5,1,A3D4M07954X,A3D4,575.24,USD,MPC15,1,
F90412,0.2219394896005153,0.253,VN,2023-02-21,KY LUC CO. LTD,870.5,870.5,295.26,0.3391843767949454,898.5,1,A3D4M07955X,A3D4,575.24,USD,MPC15,1,
F90413,0.2219394896005153,0.253,VN,2023-02-21,KY LUC CO. LTD,870.5,870.5,295.26,0.3391843767949454,898.5,1,A3D4M07956X,A3D4,575.24,USD,MPC15,1,
F90414,0.2219394896005153,0.253,VN,2023-02-21,KY LUC CO. LTD,870.5,870.5,295.26,0.3391843767949454,898.5,1,A3D4M07957X,A3D4,575.24,USD,MPC15,1,
F90415,0.2219394896005153,0.253,VN,2023-02-21,KY LUC CO. LTD,870.5,870.5,295.26,0.3391843767949454,898.5,1,A3D4M07958X,A3D4,575.24,USD,MPC15,1,
F90416,0.2219394896005153,0.253,VN,2023-02-21,KY LUC CO. LTD,870.5,870.5,295.26,0.3391843767949454,898.5,1,A3D4M07959X,A3D4,575.24,USD,MPC15,1,
F90417,0.2219394896005153,0.253,VN,2023-02-21,KY LUC CO. LTD,870.5,870.5,295.26,0.3391843767949454,898.5,1,A3D4M07960X,A3D4,575.24,USD,MPC15,1,
F90418,0.2219394896005153,0.253,VN,2023-02-21,KY LUC CO. LTD,870.5,870.5,295.26,0.3391843767949454,898.5,1,A3D4M07961X,A3D4,575.24,USD,MPC15,1,
F90419,0.2219394896005153,0.253,VN,2023-02-21,KY LUC CO. LTD,870.5,870.5,295.26,0.3391843767949454,898.5,1,A3D4M07962X,A3D4,575.24,USD,MPC15,1,
F90420,0.2219394896005153,0.253,VN,2023-02-21,KY LUC CO. LTD,870.5,870.5,295.26,0.3391843767949454,898.5,1,A3D4M07963X,A3D4,575.24,USD,MPC15,1,
F90421,0.2219394896005153,0.253,VN,2023-02-21,KY LUC CO. LTD,870.5,870.5,295.26,0.3391843767949454,898.5,1,A3D4M07964X,A3D4,575.24,USD,MPC15,1,
F90422,0.2219394896005153,0.253,VN,2023-02-21,KY LUC CO. LTD,870.5,870.5,295.26,0.3391843767949454,898.5,1,A3D4M07965X,A3D4,575.24,USD,MPC15,1,
